{
  "type": "FeatureCollection",
  "features": [
    {
      "type": "Feature",
      "geometry": {
        "type": "Point",
        "coordinates": [16.460790, 43.527125]
      },
      "properties": {
        "timestamp": "2026-04-01T10:05:35.970Z",
        "sog": 0.0,
        "cog": 0
      }
    },
    {
      "type": "Feature",
      "geometry": {
        "type": "Point",
        "coordinates": [16.3947944, 43.5360155]
      },
      "properties": {
        "timestamp": "2026-04-27T18:25:00.000Z",
        "sog": 4.5,
        "cog": 4.5
      }
    },
    {
      "type": "Feature",
      "geometry": {
        "type": "Point",
        "coordinates": [16.3778096, 43.4914565]
      },
      "properties": {
        "timestamp": "2026-04-27T18:45:00.000Z",
        "sog": 0.0,
        "cog": 0
      }
    },
    {
      "type": "Feature",
      "geometry": {
        "type": "Point",
        "coordinates": [16.4033175, 43.4890610]
      },
      "properties": {
        "timestamp": "2026-04-28T10:55:00.000Z",
        "sog": 4.7,
        "cog": 4.7
      }
    },
    {
      "type": "Feature",
      "geometry": {
        "type": "Point",
        "coordinates": [16.3239267, 43.4662849]
      },
      "properties": {
        "timestamp": "2026-04-28T11:30:00.000Z",
        "sog": 4.8,
        "cog": 4.8
      }
    },
    {
      "type": "Feature",
      "geometry": {
        "type": "Point",
        "coordinates": [16.1059463, 43.4203391]
      },
      "properties": {
        "timestamp": "2026-04-28T12:00:00.000Z",
        "sog": 4.5,
        "cog": 4.5
      }
    },
    {
      "type": "Feature",
      "geometry": {
        "type": "Point",
        "coordinates": [15.9455928, 43.5023925]
      },
      "properties": {
        "timestamp": "2026-04-28T13:00:00.000Z",
        "sog": 4.5,
        "cog": 4.5
      }
    },
    {
      "type": "Feature",
      "geometry": {
        "type": "Point",
        "coordinates": [15.9521377, 43.5218267]
      },
      "properties": {
        "timestamp": "2026-04-28T14:00:00.000Z",
        "sog": 4.5,
        "cog": 4.5
      }
    },
    {
      "type": "Feature",
      "geometry": {
        "type": "Point",
        "coordinates": [15.9772060, 43.5175179]
      },
      "properties": {
        "timestamp": "2026-04-28T15:00:00.000Z",
        "sog": 4.5,
        "cog": 4.5
      }
    },
    {
      "type": "Feature",
      "geometry": {
        "type": "Point",
        "coordinates": [15.9721557, 43.5317322]
      },
      "properties": {
        "timestamp": "2026-04-28T16:00:00.000Z",
        "sog": 0.0,
        "cog": 0
      }
    },
    {
      "type": "Feature",
      "geometry": {
        "type": "Point",
        "coordinates": [15.9795271, 43.5196124]
      },
      "properties": {
        "timestamp": "2026-04-29T09:00:00.000Z",
        "sog": 4.5,
        "cog": 4.5
      }
    },
    {
      "type": "Feature",
      "geometry": {
        "type": "Point",
        "coordinates": [15.9147303, 43.5341277]
      },
      "properties": {
        "timestamp": "2026-04-29T10:00:00.000Z",
        "sog": 5.5,
        "cog": 5.5
      }
    },
    {
      "type": "Feature",
      "geometry": {
        "type": "Point",
        "coordinates": [15.8547598, 43.5697480]
      },
      "properties": {
        "timestamp": "2026-04-29T11:00:00.000Z",
        "sog": 5.5,
        "cog": 5.5
      }
    },
    {
      "type": "Feature",
      "geometry": {
        "type": "Point",
        "coordinates": [15.7020278, 43.6614000]
      },
      "properties": {
        "timestamp": "2026-04-29T12:00:00.000Z",
        "sog": 3.0,
        "cog": 3.0
      }
    },
    {
      "type": "Feature",
      "geometry": {
        "type": "Point",
        "coordinates": [15.6888879, 43.6932883]
      },
      "properties": {
        "timestamp": "2026-04-29T13:00:00.000Z",
        "sog": 3.0,
        "cog": 3.0
      }
    },
    {
      "type": "Feature",
      "geometry": {
        "type": "Point",
        "coordinates": [15.5923133, 43.8018576]
      },
      "properties": {
        "timestamp": "2026-04-29T14:00:00.000Z",
        "sog": 0.0,
        "cog": 0
      }
    },
    {
      "type": "Feature",
      "geometry": {
        "type": "Point",
        "coordinates": [15.5852246, 43.7978086]
      },
      "properties": {
        "timestamp": "2026-04-30T09:00:00.000Z",
        "sog": 3.5,
        "cog": 3.5
      }
    },
    {
      "type": "Feature",
      "geometry": {
        "type": "Point",
        "coordinates": [15.4868925, 43.8253634]
      },
      "properties": {
        "timestamp": "2026-04-30T10:00:00.000Z",
        "sog": 3.5,
        "cog": 3.5
      }
    },
    {
      "type": "Feature",
      "geometry": {
        "type": "Point",
        "coordinates": [15.2878729, 43.9444611]
      },
      "properties": {
        "timestamp": "2026-04-30T11:00:00.000Z",
        "sog": 3.5,
        "cog": 3.5
      }
    },
    {
      "type": "Feature",
      "geometry": {
        "type": "Point",
        "coordinates": [15.2302688, 44.0062899]
      },
      "properties": {
        "timestamp": "2026-04-30T12:00:00.000Z",
        "sog": 3.5,
        "cog": 3.5
      }
    },
    {
      "type": "Feature",
      "geometry": {
        "type": "Point",
        "coordinates": [15.2347105, 44.0254439]
      },
      "properties": {
        "timestamp": "2026-04-30T13:00:00.000Z",
        "sog": 0.0,
        "cog": 0
      }
    },
    {
      "type": "Feature",
      "geometry": {
        "type": "Point",
        "coordinates": [15.2154217, 44.0182624]
      },
      "properties": {
        "timestamp": "2026-05-01T09:00:00.000Z",
        "sog": 5.0,
        "cog": 5.0
      }
    },
    {
      "type": "Feature",
      "geometry": {
        "type": "Point",
        "coordinates": [15.1107505, 44.0561310]
      },
      "properties": {
        "timestamp": "2026-05-01T10:00:00.000Z",
        "sog": 5.5,
        "cog": 5.5
      }
    },
    {
      "type": "Feature",
      "geometry": {
        "type": "Point",
        "coordinates": [15.1108518, 44.0968593]
      },
      "properties": {
        "timestamp": "2026-05-01T11:00:00.000Z",
        "sog": 6.5,
        "cog": 6.5
      }
    },
    {
      "type": "Feature",
      "geometry": {
        "type": "Point",
        "coordinates": [14.9999093, 44.0949489]
      },
      "properties": {
        "timestamp": "2026-05-01T12:00:00.000Z",
        "sog": 6.5,
        "cog": 6.5
      }
    },
    {
      "type": "Feature",
      "geometry": {
        "type": "Point",
        "coordinates": [15.0102840, 44.1375983]
      },
      "properties": {
        "timestamp": "2026-05-01T13:00:00.000Z",
        "sog": 0.0,
        "cog": 0
      }
    },
    {
      "type": "Feature",
      "geometry": {
        "type": "Point",
        "coordinates": [15.0105409, 44.1310214]
      },
      "properties": {
        "timestamp": "2026-05-02T09:00:00.000Z",
        "sog": 4.0,
        "cog": 4.0
      }
    },
    {
      "type": "Feature",
      "geometry": {
        "type": "Point",
        "coordinates": [14.9498354, 44.1332962]
      },
      "properties": {
        "timestamp": "2026-05-02T10:00:00.000Z",
        "sog": 6.0,
        "cog": 6.0
      }
    },
    {
      "type": "Feature",
      "geometry": {
        "type": "Point",
        "coordinates": [14.9104686, 44.1463554]
      },
      "properties": {
        "timestamp": "2026-05-02T11:00:00.000Z",
        "sog": 6.0,
        "cog": 6.0
      }
    },
    {
      "type": "Feature",
      "geometry": {
        "type": "Point",
        "coordinates": [14.8622144, 44.2078795]
      },
      "properties": {
        "timestamp": "2026-05-02T12:00:00.000Z",
        "sog": 6.0,
        "cog": 6.0
      }
    },
    {
      "type": "Feature",
      "geometry": {
        "type": "Point",
        "coordinates": [14.7823952, 44.1761141]
      },
      "properties": {
        "timestamp": "2026-05-02T13:00:00.000Z",
        "sog": 6.5,
        "cog": 6.5
      }
    },
    {
      "type": "Feature",
      "geometry": {
        "type": "Point",
        "coordinates": [14.7249520, 44.2622828]
      },
      "properties": {
        "timestamp": "2026-05-02T14:00:00.000Z",
        "sog": 6.0,
        "cog": 6.0
      }
    },
    {
      "type": "Feature",
      "geometry": {
        "type": "Point",
        "coordinates": [14.7361036, 44.3891162]
      },
      "properties": {
        "timestamp": "2026-05-02T15:00:00.000Z",
        "sog": 6.0,
        "cog": 6.0
      }
    },
    {
      "type": "Feature",
      "geometry": {
        "type": "Point",
        "coordinates": [14.7031463, 44.3758728]
      },
      "properties": {
        "timestamp": "2026-05-02T16:00:00.000Z",
        "sog": 0.0,
        "cog": 0
      }
    },
    {
      "type": "Feature",
      "geometry": {
        "type": "Point",
        "coordinates": [14.7196925, 44.4364686]
      },
      "properties": {
        "timestamp": "2026-05-03T09:00:00.000Z",
        "sog": 4.5,
        "cog": 4.5
      }
    },
    {
      "type": "Feature",
      "geometry": {
        "type": "Point",
        "coordinates": [14.6478130, 44.6788311]
      },
      "properties": {
        "timestamp": "2026-05-03T10:00:00.000Z",
        "sog": 4.5,
        "cog": 4.5
      }
    },
    {
      "type": "Feature",
      "geometry": {
        "type": "Point",
        "coordinates": [14.6583376, 44.7218287]
      },
      "properties": {
        "timestamp": "2026-05-03T11:00:00.000Z",
        "sog": 2.0,
        "cog": 2.0
      }
    },
    {
      "type": "Feature",
      "geometry": {
        "type": "Point",
        "coordinates": [14.5779797, 45.0241362]
      },
      "properties": {
        "timestamp": "2026-05-03T12:00:00.000Z",
        "sog": 4.5,
        "cog": 4.5
      }
    },
    {
      "type": "Feature",
      "geometry": {
        "type": "Point",
        "coordinates": [14.5735329, 45.0249611]
      },
      "properties": {
        "timestamp": "2026-05-03T13:00:00.000Z",
        "sog": 0.0,
        "cog": 0
      }
    },
    {
      "type": "Feature",
      "geometry": {
        "type": "Point",
        "coordinates": [14.5768139, 45.0226323]
      },
      "properties": {
        "timestamp": "2026-06-09T09:00:00.000Z",
        "sog": 4.0,
        "cog": 4.0
      }
    },
    {
      "type": "Feature",
      "geometry": {
        "type": "Point",
        "coordinates": [14.5594013, 44.9524547]
      },
      "properties": {
        "timestamp": "2026-06-09T10:00:00.000Z",
        "sog": 2.5,
        "cog": 2.5
      }
    },
    {
      "type": "Feature",
      "geometry": {
        "type": "Point",
        "coordinates": [14.4772245, 44.7829109]
      },
      "properties": {
        "timestamp": "2026-06-09T11:00:00.000Z",
        "sog": 3.5,
        "cog": 3.5
      }
    },
    {
      "type": "Feature",
      "geometry": {
        "type": "Point",
        "coordinates": [14.4541575, 44.7936682]
      },
      "properties": {
        "timestamp": "2026-06-09T12:00:00.000Z",
        "sog": 0.0,
        "cog": 0
      }
    },
    {
      "type": "Feature",
      "geometry": {
        "type": "Point",
        "coordinates": [14.5785124, 44.6597137]
      },
      "properties": {
        "timestamp": "2026-06-10T09:00:00.000Z",
        "sog": 3.0,
        "cog": 3.0
      }
    },
    {
      "type": "Feature",
      "geometry": {
        "type": "Point",
        "coordinates": [14.8267220, 44.5913169]
      },
      "properties": {
        "timestamp": "2026-06-10T10:00:00.000Z",
        "sog": 6.5,
        "cog": 6.5
      }
    },
    {
      "type": "Feature",
      "geometry": {
        "type": "Point",
        "coordinates": [14.6262621, 44.4571155]
      },
      "properties": {
        "timestamp": "2026-06-10T11:00:00.000Z",
        "sog": 6.0,
        "cog": 6.0
      }
    },
    {
      "type": "Feature",
      "geometry": {
        "type": "Point",
        "coordinates": [14.7758938, 44.3833106]
      },
      "properties": {
        "timestamp": "2026-06-10T12:00:00.000Z",
        "sog": 7.0,
        "cog": 7.0
      }
    },
    {
      "type": "Feature",
      "geometry": {
        "type": "Point",
        "coordinates": [14.7326630, 44.3758567]
      },
      "properties": {
        "timestamp": "2026-06-11T09:00:00.000Z",
        "sog": 6.0,
        "cog": 6.0
      }
    },
    {
      "type": "Feature",
      "geometry": {
        "type": "Point",
        "coordinates": [14.7311673, 44.2684591]
      },
      "properties": {
        "timestamp": "2026-06-11T10:00:00.000Z",
        "sog": 7.5,
        "cog": 7.5
      }
    },
    {
      "type": "Feature",
      "geometry": {
        "type": "Point",
        "coordinates": [14.8382374, 44.1906487]
      },
      "properties": {
        "timestamp": "2026-06-11T11:00:00.000Z",
        "sog": 6.0,
        "cog": 6.0
      }
    },
    {
      "type": "Feature",
      "geometry": {
        "type": "Point",
        "coordinates": [14.8637868, 44.2147363]
      },
      "properties": {
        "timestamp": "2026-06-11T12:00:00.000Z",
        "sog": 5.5,
        "cog": 5.5
      }
    },
    {
      "type": "Feature",
      "geometry": {
        "type": "Point",
        "coordinates": [14.8637298, 44.1863761]
      },
      "properties": {
        "timestamp": "2026-06-12T09:00:00.000Z",
        "sog": 5.0,
        "cog": 5.0
      }
    },
    {
      "type": "Feature",
      "geometry": {
        "type": "Point",
        "coordinates": [14.9009629, 44.1905955]
      },
      "properties": {
        "timestamp": "2026-06-12T10:00:00.000Z",
        "sog": 5.0,
        "cog": 5.0
      }
    },
    {
      "type": "Feature",
      "geometry": {
        "type": "Point",
        "coordinates": [14.9537468, 44.2117024]
      },
      "properties": {
        "timestamp": "2026-06-12T11:00:00.000Z",
        "sog": 6.0,
        "cog": 6.0
      }
    },
    {
      "type": "Feature",
      "geometry": {
        "type": "Point",
        "coordinates": [15.0405212, 44.2014705]
      },
      "properties": {
        "timestamp": "2026-06-12T12:00:00.000Z",
        "sog": 6.0,
        "cog": 6.0
      }
    },
    {
      "type": "Feature",
      "geometry": {
        "type": "Point",
        "coordinates": [15.0589021, 44.1528291]
      },
      "properties": {
        "timestamp": "2026-06-12T13:00:00.000Z",
        "sog": 5.0,
        "cog": 5.0
      }
    },
    {
      "type": "Feature",
      "geometry": {
        "type": "Point",
        "coordinates": [15.0545653, 44.1466470]
      },
      "properties": {
        "timestamp": "2026-06-12T14:00:00.000Z",
        "sog": 0.0,
        "cog": 0
      }
    },
    {
      "type": "Feature",
      "geometry": {
        "type": "Point",
        "coordinates": [15.0672890, 44.1278373]
      },
      "properties": {
        "timestamp": "2026-06-12T15:00:00.000Z",
        "sog": 4.0,
        "cog": 4.0
      }
    },
    {
      "type": "Feature",
      "geometry": {
        "type": "Point",
        "coordinates": [15.0715169, 44.1298935]
      },
      "properties": {
        "timestamp": "2026-06-12T16:00:00.000Z",
        "sog": 0.0,
        "cog": 0
      }
    },
    {
      "type": "Feature",
      "geometry": {
        "type": "Point",
        "coordinates": [15.0602740, 44.1263012]
      },
      "properties": {
        "timestamp": "2026-06-13T09:00:00.000Z",
        "sog": 4.5,
        "cog": 4.5
      }
    },
    {
      "type": "Feature",
      "geometry": {
        "type": "Point",
        "coordinates": [15.0610395, 44.1591816]
      },
      "properties": {
        "timestamp": "2026-06-13T10:00:00.000Z",
        "sog": 4.5,
        "cog": 4.5
      }
    },
    {
      "type": "Feature",
      "geometry": {
        "type": "Point",
        "coordinates": [15.2209139, 44.1243378]
      },
      "properties": {
        "timestamp": "2026-06-13T11:00:00.000Z",
        "sog": 4.5,
        "cog": 4.5
      }
    },
    {
      "type": "Feature",
      "geometry": {
        "type": "Point",
        "coordinates": [15.0630625, 44.1598536]
      },
      "properties": {
        "timestamp": "2026-06-15T09:00:00.000Z",
        "sog": 4.5,
        "cog": 4.5
      }
    },
    {
      "type": "Feature",
      "geometry": {
        "type": "Point",
        "coordinates": [15.0612232, 44.1336725]
      },
      "properties": {
        "timestamp": "2026-06-15T10:00:00.000Z",
        "sog": 4.5,
        "cog": 4.5
      }
    },
    {
      "type": "Feature",
      "geometry": {
        "type": "Point",
        "coordinates": [14.9952348, 44.1131444]
      },
      "properties": {
        "timestamp": "2026-06-15T11:00:00.000Z",
        "sog": 4.5,
        "cog": 4.5
      }
    },
    {
      "type": "Feature",
      "geometry": {
        "type": "Point",
        "coordinates": [14.8555068, 44.1868223]
      },
      "properties": {
        "timestamp": "2026-06-15T12:00:00.000Z",
        "sog": 4.5,
        "cog": 4.5
      }
    },
    {
      "type": "Feature",
      "geometry": {
        "type": "Point",
        "coordinates": [14.8198827, 44.1722032]
      },
      "properties": {
        "timestamp": "2026-06-15T13:00:00.000Z",
        "sog": 4.5,
        "cog": 4.5
      }
    },
    {
      "type": "Feature",
      "geometry": {
        "type": "Point",
        "coordinates": [14.8234182, 44.1607758]
      },
      "properties": {
        "timestamp": "2026-06-15T14:00:00.000Z",
        "sog": 4.5,
        "cog": 4.5
      }
    },
    {
      "type": "Feature",
      "geometry": {
        "type": "Point",
        "coordinates": [14.8111739, 44.1496785]
      },
      "properties": {
        "timestamp": "2026-06-16T09:00:00.000Z",
        "sog": 4.5,
        "cog": 4.5
      }
    },
    {
      "type": "Feature",
      "geometry": {
        "type": "Point",
        "coordinates": [14.9220823, 44.0932681]
      },
      "properties": {
        "timestamp": "2026-06-16T10:00:00.000Z",
        "sog": 4.5,
        "cog": 4.5
      }
    },
    {
      "type": "Feature",
      "geometry": {
        "type": "Point",
        "coordinates": [14.9885089, 44.0525361]
      },
      "properties": {
        "timestamp": "2026-06-16T11:00:00.000Z",
        "sog": 4.5,
        "cog": 4.5
      }
    },
    {
      "type": "Feature",
      "geometry": {
        "type": "Point",
        "coordinates": [14.9914301, 44.0544710]
      },
      "properties": {
        "timestamp": "2026-06-16T12:00:00.000Z",
        "sog": 4.5,
        "cog": 4.5
      }
    },
    {
      "type": "Feature",
      "geometry": {
        "type": "Point",
        "coordinates": [14.9897068, 44.0515282]
      },
      "properties": {
        "timestamp": "2026-06-17T09:00:00.000Z",
        "sog": 4.5,
        "cog": 4.5
      }
    },
    {
      "type": "Feature",
      "geometry": {
        "type": "Point",
        "coordinates": [15.1124517, 43.9053124]
      },
      "properties": {
        "timestamp": "2026-06-17T10:00:00.000Z",
        "sog": 4.5,
        "cog": 4.5
      }
    },
    {
      "type": "Feature",
      "geometry": {
        "type": "Point",
        "coordinates": [15.1971187, 43.8546726]
      },
      "properties": {
        "timestamp": "2026-06-17T11:00:00.000Z",
        "sog": 4.5,
        "cog": 4.5
      }
    },
    {
      "type": "Feature",
      "geometry": {
        "type": "Point",
        "coordinates": [15.2064538, 43.8852449]
      },
      "properties": {
        "timestamp": "2026-06-17T12:00:00.000Z",
        "sog": 4.5,
        "cog": 4.5
      }
    },
    {
      "type": "Feature",
      "geometry": {
        "type": "Point",
        "coordinates": [15.1652926, 43.8998372]
      },
      "properties": {
        "timestamp": "2026-06-17T13:00:00.000Z",
        "sog": 4.5,
        "cog": 4.5
      }
    },
    {
      "type": "Feature",
      "geometry": {
        "type": "Point",
        "coordinates": [15.1568879, 43.8960727]
      },
      "properties": {
        "timestamp": "2026-06-17T14:00:00.000Z",
        "sog": 4.5,
        "cog": 4.5
      }
    },
    {
      "type": "Feature",
      "geometry": {
        "type": "Point",
        "coordinates": [15.1685743, 43.8998927]
      },
      "properties": {
        "timestamp": "2026-06-18T09:00:00.000Z",
        "sog": 4.5,
        "cog": 4.5
      }
    },
    {
      "type": "Feature",
      "geometry": {
        "type": "Point",
        "coordinates": [15.2051029, 43.8780176]
      },
      "properties": {
        "timestamp": "2026-06-18T10:00:00.000Z",
        "sog": 4.5,
        "cog": 4.5
      }
    },
    {
      "type": "Feature",
      "geometry": {
        "type": "Point",
        "coordinates": [15.2007618, 43.8499913]
      },
      "properties": {
        "timestamp": "2026-06-18T11:00:00.000Z",
        "sog": 4.5,
        "cog": 4.5
      }
    },
    {
      "type": "Feature",
      "geometry": {
        "type": "Point",
        "coordinates": [15.2593131, 43.7978984]
      },
      "properties": {
        "timestamp": "2026-06-18T12:00:00.000Z",
        "sog": 4.5,
        "cog": 4.5
      }
    },
    {
      "type": "Feature",
      "geometry": {
        "type": "Point",
        "coordinates": [15.3361218, 43.7857707]
      },
      "properties": {
        "timestamp": "2026-06-18T13:00:00.000Z",
        "sog": 4.5,
        "cog": 4.5
      }
    },
    {
      "type": "Feature",
      "geometry": {
        "type": "Point",
        "coordinates": [15.3363776, 43.7880739]
      },
      "properties": {
        "timestamp": "2026-06-18T14:00:00.000Z",
        "sog": 4.5,
        "cog": 4.5
      }
    },
    {
      "type": "Feature",
      "geometry": {
        "type": "Point",
        "coordinates": [15.4421053, 43.7308956]
      },
      "properties": {
        "timestamp": "2026-06-18T15:00:00.000Z",
        "sog": 4.5,
        "cog": 4.5
      }
    },
    {
      "type": "Feature",
      "geometry": {
        "type": "Point",
        "coordinates": [15.4392786, 43.7244223]
      },
      "properties": {
        "timestamp": "2026-06-18T16:00:00.000Z",
        "sog": 4.5,
        "cog": 4.5
      }
    },
    {
      "type": "Feature",
      "geometry": {
        "type": "Point",
        "coordinates": [15.4350477, 43.7224223]
      },
      "properties": {
        "timestamp": "2026-06-18T17:00:00.000Z",
        "sog": 4.5,
        "cog": 4.5
      }
    },
    {
      "type": "Feature",
      "geometry": {
        "type": "Point",
        "coordinates": [15.4418666, 43.7212115]
      },
      "properties": {
        "timestamp": "2026-06-19T09:00:00.000Z",
        "sog": 4.5,
        "cog": 4.5
      }
    },
    {
      "type": "Feature",
      "geometry": {
        "type": "Point",
        "coordinates": [15.4607124, 43.7125508]
      },
      "properties": {
        "timestamp": "2026-06-19T10:00:00.000Z",
        "sog": 4.5,
        "cog": 4.5
      }
    },
    {
      "type": "Feature",
      "geometry": {
        "type": "Point",
        "coordinates": [15.4754679, 43.7137339]
      },
      "properties": {
        "timestamp": "2026-06-19T11:00:00.000Z",
        "sog": 4.5,
        "cog": 4.5
      }
    },
    {
      "type": "Feature",
      "geometry": {
        "type": "Point",
        "coordinates": [15.5571948, 43.6807613]
      },
      "properties": {
        "timestamp": "2026-06-19T12:00:00.000Z",
        "sog": 4.5,
        "cog": 4.5
      }
    },
    {
      "type": "Feature",
      "geometry": {
        "type": "Point",
        "coordinates": [15.6434014, 43.7121992]
      },
      "properties": {
        "timestamp": "2026-06-19T13:00:00.000Z",
        "sog": 4.5,
        "cog": 4.5
      }
    },
    {
      "type": "Feature",
      "geometry": {
        "type": "Point",
        "coordinates": [15.6554723, 43.7000105]
      },
      "properties": {
        "timestamp": "2026-06-19T14:00:00.000Z",
        "sog": 4.5,
        "cog": 4.5
      }
    },
    {
      "type": "Feature",
      "geometry": {
        "type": "Point",
        "coordinates": [15.6739162, 43.7364142]
      },
      "properties": {
        "timestamp": "2026-06-21T09:00:00.000Z",
        "sog": 4.5,
        "cog": 4.5
      }
    },
    {
      "type": "Feature",
      "geometry": {
        "type": "Point",
        "coordinates": [15.7840443, 43.7004247]
      },
      "properties": {
        "timestamp": "2026-06-21T10:00:00.000Z",
        "sog": 4.5,
        "cog": 4.5
      }
    },
    {
      "type": "Feature",
      "geometry": {
        "type": "Point",
        "coordinates": [15.8604283, 43.7254157]
      },
      "properties": {
        "timestamp": "2026-06-21T11:00:00.000Z",
        "sog": 4.5,
        "cog": 4.5
      }
    },
    {
      "type": "Feature",
      "geometry": {
        "type": "Point",
        "coordinates": [15.8870157, 43.7298194]
      },
      "properties": {
        "timestamp": "2026-06-21T12:00:00.000Z",
        "sog": 4.5,
        "cog": 4.5
      }
    },
    {
      "type": "Feature",
      "geometry": {
        "type": "Point",
        "coordinates": [15.8999362, 43.7145591]
      },
      "properties": {
        "timestamp": "2026-06-21T13:00:00.000Z",
        "sog": 4.5,
        "cog": 4.5
      }
    },
    {
      "type": "Feature",
      "geometry": {
        "type": "Point",
        "coordinates": [15.8906132, 43.7304076]
      },
      "properties": {
        "timestamp": "2026-06-22T09:00:00.000Z",
        "sog": 4.5,
        "cog": 4.5
      }
    },
    {
      "type": "Feature",
      "geometry": {
        "type": "Point",
        "coordinates": [15.8692551, 43.7490538]
      },
      "properties": {
        "timestamp": "2026-06-22T10:00:00.000Z",
        "sog": 4.5,
        "cog": 4.5
      }
    },
    {
      "type": "Feature",
      "geometry": {
        "type": "Point",
        "coordinates": [15.8491523, 43.7614095]
      },
      "properties": {
        "timestamp": "2026-06-22T11:00:00.000Z",
        "sog": 4.5,
        "cog": 4.5
      }
    },
    {
      "type": "Feature",
      "geometry": {
        "type": "Point",
        "coordinates": [15.8460584, 43.7700852]
      },
      "properties": {
        "timestamp": "2026-06-22T12:00:00.000Z",
        "sog": 4.5,
        "cog": 4.5
      }
    },
    {
      "type": "Feature",
      "geometry": {
        "type": "Point",
        "coordinates": [15.8289281, 43.7807763]
      },
      "properties": {
        "timestamp": "2026-06-22T13:00:00.000Z",
        "sog": 4.5,
        "cog": 4.5
      }
    },
{
      "type": "Feature",
      "geometry": {
        "type": "Point",
        "coordinates": [15.8422905, 43.7758162]
      },
      "properties": {
        "timestamp": "2026-06-23T09:00:00.000Z",
        "sog": 4.5,
        "cog": 4.5
      }
    },
    {
      "type": "Feature",
      "geometry": {
        "type": "Point",
        "coordinates": [15.8479188, 43.7774311]
      },
      "properties": {
        "timestamp": "2026-06-23T10:00:00.000Z",
        "sog": 4.5,
        "cog": 4.5
      }
    },
    {
      "type": "Feature",
      "geometry": {
        "type": "Point",
        "coordinates": [15.8464500, 43.7809881]
      },
      "properties": {
        "timestamp": "2026-06-23T11:00:00.000Z",
        "sog": 4.5,
        "cog": 4.5
      }
    },
    {
      "type": "Feature",
      "geometry": {
        "type": "Point",
        "coordinates": [15.8513021, 43.7842053]
      },
      "properties": {
        "timestamp": "2026-06-23T12:00:00.000Z",
        "sog": 4.5,
        "cog": 4.5
      }
    },
    {
      "type": "Feature",
      "geometry": {
        "type": "Point",
        "coordinates": [15.8499486, 43.7900794]
      },
      "properties": {
        "timestamp": "2026-06-23T13:00:00.000Z",
        "sog": 4.5,
        "cog": 4.5
      }
    },
    {
      "type": "Feature",
      "geometry": {
        "type": "Point",
        "coordinates": [15.8635812, 43.7893405]
      },
      "properties": {
        "timestamp": "2026-06-23T14:00:00.000Z",
        "sog": 4.5,
        "cog": 4.5
      }
    },
    {
      "type": "Feature",
      "geometry": {
        "type": "Point",
        "coordinates": [15.8789533, 43.8078098]
      },
      "properties": {
        "timestamp": "2026-06-23T15:00:00.000Z",
        "sog": 4.5,
        "cog": 4.5
      }
    },
    {
      "type": "Feature",
      "geometry": {
        "type": "Point",
        "coordinates": [15.8922510, 43.8097287]
      },
      "properties": {
        "timestamp": "2026-06-23T16:00:00.000Z",
        "sog": 4.5,
        "cog": 4.5
      }
    },
    {
      "type": "Feature",
      "geometry": {
        "type": "Point",
        "coordinates": [15.8810608, 43.8072816]
      },
      "properties": {
        "timestamp": "2026-06-24T09:00:00.000Z",
        "sog": 4.5,
        "cog": 4.5
      }
    },
    {
      "type": "Feature",
      "geometry": {
        "type": "Point",
        "coordinates": [15.8613805, 43.7895240]
      },
      "properties": {
        "timestamp": "2026-06-24T10:00:00.000Z",
        "sog": 4.5,
        "cog": 4.5
      }
    },
    {
      "type": "Feature",
      "geometry": {
        "type": "Point",
        "coordinates": [15.8501169, 43.7900763]
      },
      "properties": {
        "timestamp": "2026-06-24T11:00:00.000Z",
        "sog": 4.5,
        "cog": 4.5
      }
    },
    {
      "type": "Feature",
      "geometry": {
        "type": "Point",
        "coordinates": [15.8509078, 43.7834162]
      },
      "properties": {
        "timestamp": "2026-06-24T12:00:00.000Z",
        "sog": 4.5,
        "cog": 4.5
      }
    },
    {
      "type": "Feature",
      "geometry": {
        "type": "Point",
        "coordinates": [15.8465790, 43.7791479]
      },
      "properties": {
        "timestamp": "2026-06-24T13:00:00.000Z",
        "sog": 4.5,
        "cog": 4.5
      }
    },
    {
      "type": "Feature",
      "geometry": {
        "type": "Point",
        "coordinates": [15.8420243, 43.7737317]
      },
      "properties": {
        "timestamp": "2026-06-24T14:00:00.000Z",
        "sog": 4.5,
        "cog": 4.5
      }
    },
    {
      "type": "Feature",
      "geometry": {
        "type": "Point",
        "coordinates": [15.8497102, 43.7608165]
      },
      "properties": {
        "timestamp": "2026-06-24T15:00:00.000Z",
        "sog": 4.5,
        "cog": 4.5
      }
    },
    {
      "type": "Feature",
      "geometry": {
        "type": "Point",
        "coordinates": [15.8870814, 43.7343875]
      },
      "properties": {
        "timestamp": "2026-06-24T16:00:00.000Z",
        "sog": 4.5,
        "cog": 4.5
      }
    },
    {
      "type": "Feature",
      "geometry": {
        "type": "Point",
        "coordinates": [15.8778003, 43.7279832]
      },
      "properties": {
        "timestamp": "2026-06-24T17:00:00.000Z",
        "sog": 4.5,
        "cog": 4.5
      }
    },
    {
      "type": "Feature",
      "geometry": {
        "type": "Point",
        "coordinates": [15.8551111, 43.7238774]
      },
      "properties": {
        "timestamp": "2026-06-24T18:00:00.000Z",
        "sog": 4.5,
        "cog": 4.5
      }
    },
    {
      "type": "Feature",
      "geometry": {
        "type": "Point",
        "coordinates": [15.8466763, 43.7166361]
      },
      "properties": {
        "timestamp": "2026-06-24T19:00:00.000Z",
        "sog": 4.5,
        "cog": 4.5
      }
    },
    {
      "type": "Feature",
      "geometry": {
        "type": "Point",
        "coordinates": [15.8766335, 43.6709011]
      },
      "properties": {
        "timestamp": "2026-06-24T20:00:00.000Z",
        "sog": 4.5,
        "cog": 4.5
      }
    },
    {
      "type": "Feature",
      "geometry": {
        "type": "Point",
        "coordinates": [15.8731772, 43.6449704]
      },
      "properties": {
        "timestamp": "2026-06-24T21:00:00.000Z",
        "sog": 4.5,
        "cog": 4.5
      }
    },
    {
      "type": "Feature",
      "geometry": {
        "type": "Point",
        "coordinates": [15.9173344, 43.5814738]
      },
      "properties": {
        "timestamp": "2026-06-24T22:00:00.000Z",
        "sog": 4.5,
        "cog": 4.5
      }
    },
    {
      "type": "Feature",
      "geometry": {
        "type": "Point",
        "coordinates": [15.9301195, 43.5809249]
      },
      "properties": {
        "timestamp": "2026-06-24T23:00:00.000Z",
        "sog": 4.5,
        "cog": 4.5
      }
    },
{
      "type": "Feature",
      "geometry": {
        "type": "Point",
        "coordinates": [15.9114463, 43.5769618]
      },
      "properties": {
        "timestamp": "2026-06-25T09:00:00.000Z",
        "sog": 4.5,
        "cog": 4.5
      }
    },
    {
      "type": "Feature",
      "geometry": {
        "type": "Point",
        "coordinates": [15.8978528, 43.5396612]
      },
      "properties": {
        "timestamp": "2026-06-25T10:00:00.000Z",
        "sog": 4.5,
        "cog": 4.5
      }
    },
    {
      "type": "Feature",
      "geometry": {
        "type": "Point",
        "coordinates": [15.9734348, 43.4889163]
      },
      "properties": {
        "timestamp": "2026-06-25T11:00:00.000Z",
        "sog": 4.5,
        "cog": 4.5
      }
    },
    {
      "type": "Feature",
      "geometry": {
        "type": "Point",
        "coordinates": [15.9851849, 43.4985748]
      },
      "properties": {
        "timestamp": "2026-06-25T12:00:00.000Z",
        "sog": 4.5,
        "cog": 4.5
      }
    },
    {
      "type": "Feature",
      "geometry": {
        "type": "Point",
        "coordinates": [15.9850273, 43.5044837]
      },
      "properties": {
        "timestamp": "2026-06-25T13:00:00.000Z",
        "sog": 4.5,
        "cog": 4.5
      }
    },
{
      "type": "Feature",
      "geometry": {
        "type": "Point",
        "coordinates": [15.9859335, 43.4930321]
      },
      "properties": {
        "timestamp": "2026-06-26T09:00:00.000Z",
        "sog": 4.5,
        "cog": 4.5
      }
    },
    {
      "type": "Feature",
      "geometry": {
        "type": "Point",
        "coordinates": [16.2109984, 43.0780142]
      },
      "properties": {
        "timestamp": "2026-06-26T10:00:00.000Z",
        "sog": 4.5,
        "cog": 4.5
      }
    },
    {
      "type": "Feature",
      "geometry": {
        "type": "Point",
        "coordinates": [16.2023868, 43.0674684]
      },
      "properties": {
        "timestamp": "2026-06-26T11:00:00.000Z",
        "sog": 4.5,
        "cog": 4.5
      }
    },
    {
      "type": "Feature",
      "geometry": {
        "type": "Point",
        "coordinates": [16.2032263, 43.0655505]
      },
      "properties": {
        "timestamp": "2026-06-26T12:00:00.000Z",
        "sog": 4.5,
        "cog": 4.5
      }
    },
{
      "type": "Feature",
      "geometry": {
        "type": "Point",
        "coordinates": [16.2033933, 43.0697286]
      },
      "properties": {
        "timestamp": "2026-06-27T09:00:00.000Z",
        "sog": 4.5,
        "cog": 4.5
      }
    },
    {
      "type": "Feature",
      "geometry": {
        "type": "Point",
        "coordinates": [16.2590384, 43.0876593]
      },
      "properties": {
        "timestamp": "2026-06-27T10:00:00.000Z",
        "sog": 4.5,
        "cog": 4.5
      }
    },
    {
      "type": "Feature",
      "geometry": {
        "type": "Point",
        "coordinates": [16.2650603, 43.0533874]
      },
      "properties": {
        "timestamp": "2026-06-27T11:00:00.000Z",
        "sog": 4.5,
        "cog": 4.5
      }
    },
    {
      "type": "Feature",
      "geometry": {
        "type": "Point",
        "coordinates": [16.2437079, 43.0290555]
      },
      "properties": {
        "timestamp": "2026-06-27T12:00:00.000Z",
        "sog": 4.5,
        "cog": 4.5
      }
    },
{
      "type": "Feature",
      "geometry": {
        "type": "Point",
        "coordinates": [16.2431577, 43.0315284]
      },
      "properties": {
        "timestamp": "2026-06-28T09:00:00.000Z",
        "sog": 4.5,
        "cog": 4.5
      }
    },
    {
      "type": "Feature",
      "geometry": {
        "type": "Point",
        "coordinates": [16.2002635, 43.0090726]
      },
      "properties": {
        "timestamp": "2026-06-28T10:00:00.000Z",
        "sog": 4.5,
        "cog": 4.5
      }
    },
    {
      "type": "Feature",
      "geometry": {
        "type": "Point",
        "coordinates": [16.1640181, 43.0137360]
      },
      "properties": {
        "timestamp": "2026-06-28T11:00:00.000Z",
        "sog": 4.5,
        "cog": 4.5
      }
    },
    {
      "type": "Feature",
      "geometry": {
        "type": "Point",
        "coordinates": [16.1632671, 43.0176919]
      },
      "properties": {
        "timestamp": "2026-06-28T12:00:00.000Z",
        "sog": 4.5,
        "cog": 4.5
      }
    },
    {
      "type": "Feature",
      "geometry": {
        "type": "Point",
        "coordinates": [16.1615998, 43.0119555]
      },
      "properties": {
        "timestamp": "2026-06-29T09:00:00.000Z",
        "sog": 4.5,
        "cog": 4.5
      }
    },
    {
      "type": "Feature",
      "geometry": {
        "type": "Point",
        "coordinates": [16.0206440, 42.9565239]
      },
      "properties": {
        "timestamp": "2026-06-29T10:00:00.000Z",
        "sog": 4.5,
        "cog": 4.5
      }
    },
    {
      "type": "Feature",
      "geometry": {
        "type": "Point",
        "coordinates": [16.0113622, 42.9606696]
      },
      "properties": {
        "timestamp": "2026-06-29T11:00:00.000Z",
        "sog": 4.5,
        "cog": 4.5
      }
    },
    {
      "type": "Feature",
      "geometry": {
        "type": "Point",
        "coordinates": [15.9916949, 42.9488931]
      },
      "properties": {
        "timestamp": "2026-06-29T12:00:00.000Z",
        "sog": 4.5,
        "cog": 4.5
      }
    },
    {
      "type": "Feature",
      "geometry": {
        "type": "Point",
        "coordinates": [15.9906529, 42.9969255]
      },
      "properties": {
        "timestamp": "2026-06-29T13:00:00.000Z",
        "sog": 4.5,
        "cog": 4.5
      }
    },
    {
      "type": "Feature",
      "geometry": {
        "type": "Point",
        "coordinates": [16.0916451, 43.0350104]
      },
      "properties": {
        "timestamp": "2026-06-29T14:00:00.000Z",
        "sog": 4.5,
        "cog": 4.5
      }
    },
{
      "type": "Feature",
      "geometry": {
        "type": "Point",
        "coordinates": [15.9946229, 43.0588852]
      },
      "properties": {
        "timestamp": "2026-06-30T09:00:00.000Z",
        "sog": 4.5,
        "cog": 4.5
      }
    },
    {
      "type": "Feature",
      "geometry": {
        "type": "Point",
        "coordinates": [16.2969444, 43.2115874]
      },
      "properties": {
        "timestamp": "2026-06-30T10:00:00.000Z",
        "sog": 4.5,
        "cog": 4.5
      }
    },
    {
      "type": "Feature",
      "geometry": {
        "type": "Point",
        "coordinates": [16.4165297, 43.1660438]
      },
      "properties": {
        "timestamp": "2026-06-30T11:00:00.000Z",
        "sog": 4.5,
        "cog": 4.5
      }
    },
    {
      "type": "Feature",
      "geometry": {
        "type": "Point",
        "coordinates": [16.4203599, 43.1613839]
      },
      "properties": {
        "timestamp": "2026-06-30T12:00:00.000Z",
        "sog": 4.5,
        "cog": 4.5
      }
    },
    {
      "type": "Feature",
      "geometry": {
        "type": "Point",
        "coordinates": [16.4231671, 43.1732486]
      },
      "properties": {
        "timestamp": "2026-06-30T13:00:00.000Z",
        "sog": 4.5,
        "cog": 4.5
      }
    },
    {
      "type": "Feature",
      "geometry": {
        "type": "Point",
        "coordinates": [16.4445403, 43.1579098]
      },
      "properties": {
        "timestamp": "2026-07-01T09:00:00.000Z",
        "sog": 4.5,
        "cog": 4.5
      }
    },
    {
      "type": "Feature",
      "geometry": {
        "type": "Point",
        "coordinates": [16.6134897, 42.9549976]
      },
      "properties": {
        "timestamp": "2026-07-01T10:00:00.000Z",
        "sog": 4.5,
        "cog": 4.5
      }
    },
    {
      "type": "Feature",
      "geometry": {
        "type": "Point",
        "coordinates": [16.6864900, 42.9646836]
      },
      "properties": {
        "timestamp": "2026-07-01T11:00:00.000Z",
        "sog": 4.5,
        "cog": 4.5
      }
    },
    {
      "type": "Feature",
      "geometry": {
        "type": "Point",
        "coordinates": [16.6939817, 42.9574708]
      },
      "properties": {
        "timestamp": "2026-07-01T12:00:00.000Z",
        "sog": 4.5,
        "cog": 4.5
      }
    },
{
      "type": "Feature",
      "geometry": {
        "type": "Point",
        "coordinates": [16.6857816, 42.9630771]
      },
      "properties": {
        "timestamp": "2026-07-02T09:00:00.000Z",
        "sog": 4.5,
        "cog": 4.5
      }
    },
    {
      "type": "Feature",
      "geometry": {
        "type": "Point",
        "coordinates": [16.6543340, 42.9632280]
      },
      "properties": {
        "timestamp": "2026-07-02T10:00:00.000Z",
        "sog": 4.5,
        "cog": 4.5
      }
    },
    {
      "type": "Feature",
      "geometry": {
        "type": "Point",
        "coordinates": [16.6248002, 42.9246502]
      },
      "properties": {
        "timestamp": "2026-07-02T11:00:00.000Z",
        "sog": 4.5,
        "cog": 4.5
      }
    },
    {
      "type": "Feature",
      "geometry": {
        "type": "Point",
        "coordinates": [16.6647390, 42.9111766]
      },
      "properties": {
        "timestamp": "2026-07-02T12:00:00.000Z",
        "sog": 4.5,
        "cog": 4.5
      }
    },
    {
      "type": "Feature",
      "geometry": {
        "type": "Point",
        "coordinates": [16.6743158, 42.9257150]
      },
      "properties": {
        "timestamp": "2026-07-02T13:00:00.000Z",
        "sog": 4.5,
        "cog": 4.5
      }
    },
{
      "type": "Feature",
      "geometry": {
        "type": "Point",
        "coordinates": [16.6769336, 42.9207785]
      },
      "properties": {
        "timestamp": "2026-07-05T09:00:00.000Z",
        "sog": 4.5,
        "cog": 4.5
      }
    },
    {
      "type": "Feature",
      "geometry": {
        "type": "Point",
        "coordinates": [16.8756528, 42.8745073]
      },
      "properties": {
        "timestamp": "2026-07-05T10:00:00.000Z",
        "sog": 4.5,
        "cog": 4.5
      }
    },
    {
      "type": "Feature",
      "geometry": {
        "type": "Point",
        "coordinates": [17.2249552, 42.9084808]
      },
      "properties": {
        "timestamp": "2026-07-05T11:00:00.000Z",
        "sog": 4.5,
        "cog": 4.5
      }
    },
    {
      "type": "Feature",
      "geometry": {
        "type": "Point",
        "coordinates": [17.1757028, 42.9399073]
      },
      "properties": {
        "timestamp": "2026-07-05T12:00:00.000Z",
        "sog": 4.5,
        "cog": 4.5
      }
    },
    {
      "type": "Feature",
      "geometry": {
        "type": "Point",
        "coordinates": [17.1625596, 42.9456369]
      },
      "properties": {
        "timestamp": "2026-07-05T13:00:00.000Z",
        "sog": 4.5,
        "cog": 4.5
      }
    },
    {
      "type": "Feature",
      "geometry": {
        "type": "Point",
        "coordinates": [17.1718635, 42.9399480]
      },
      "properties": {
        "timestamp": "2026-07-08T09:00:00.000Z",
        "sog": 4.5,
        "cog": 4.5
      }
    },
    {
      "type": "Feature",
      "geometry": {
        "type": "Point",
        "coordinates": [17.1753085, 42.9581554]
      },
      "properties": {
        "timestamp": "2026-07-08T10:00:00.000Z",
        "sog": 4.5,
        "cog": 4.5
      }
    },
    {
      "type": "Feature",
      "geometry": {
        "type": "Point",
        "coordinates": [16.9980416, 43.0025363]
      },
      "properties": {
        "timestamp": "2026-07-08T11:00:00.000Z",
        "sog": 4.5,
        "cog": 4.5
      }
    },
    {
      "type": "Feature",
      "geometry": {
        "type": "Point",
        "coordinates": [16.7266537, 43.0805779]
      },
      "properties": {
        "timestamp": "2026-07-08T12:00:00.000Z",
        "sog": 4.5,
        "cog": 4.5
      }
    },
    {
      "type": "Feature",
      "geometry": {
        "type": "Point",
        "coordinates": [16.7231021, 43.0840419]
      },
      "properties": {
        "timestamp": "2026-07-08T13:00:00.000Z",
        "sog": 4.5,
        "cog": 4.5
      }
    },
{
      "type": "Feature",
      "geometry": {
        "type": "Point",
        "coordinates": [16.7228829, 43.0774115]
      },
      "properties": {
        "timestamp": "2026-07-09T09:00:00.000Z",
        "sog": 4.5,
        "cog": 4.5
      }
    },
    {
      "type": "Feature",
      "geometry": {
        "type": "Point",
        "coordinates": [16.6725727, 43.0178949]
      },
      "properties": {
        "timestamp": "2026-07-09T10:00:00.000Z",
        "sog": 4.5,
        "cog": 4.5
      }
    },
    {
      "type": "Feature",
      "geometry": {
        "type": "Point",
        "coordinates": [16.5641115, 43.1219392]
      },
      "properties": {
        "timestamp": "2026-07-09T11:00:00.000Z",
        "sog": 4.5,
        "cog": 4.5
      }
    },
    {
      "type": "Feature",
      "geometry": {
        "type": "Point",
        "coordinates": [16.3607381, 43.1211378]
      },
      "properties": {
        "timestamp": "2026-07-09T12:00:00.000Z",
        "sog": 4.5,
        "cog": 4.5
      }
    },
    {
      "type": "Feature",
      "geometry": {
        "type": "Point",
        "coordinates": [16.3650474, 43.1531649]
      },
      "properties": {
        "timestamp": "2026-07-09T13:00:00.000Z",
        "sog": 4.5,
        "cog": 4.5
      }
    },
    {
      "type": "Feature",
      "geometry": {
        "type": "Point",
        "coordinates": [16.3688916, 43.1583948]
      },
      "properties": {
        "timestamp": "2026-07-09T14:00:00.000Z",
        "sog": 4.5,
        "cog": 4.5
      }
    },
{
      "type": "Feature",
      "geometry": {
        "type": "Point",
        "coordinates": [16.3010274, 43.1587504]
      },
      "properties": {
        "timestamp": "2026-07-10T09:00:00.000Z",
        "sog": 4.5,
        "cog": 4.5
      }
    },
    {
      "type": "Feature",
      "geometry": {
        "type": "Point",
        "coordinates": [16.4003610, 43.3233872]
      },
      "properties": {
        "timestamp": "2026-07-10T10:00:00.000Z",
        "sog": 4.5,
        "cog": 4.5
      }
    },
    {
      "type": "Feature",
      "geometry": {
        "type": "Point",
        "coordinates": [16.4085454, 43.3487030]
      },
      "properties": {
        "timestamp": "2026-07-10T11:00:00.000Z",
        "sog": 4.5,
        "cog": 4.5
      }
    },
    {
      "type": "Feature",
      "geometry": {
        "type": "Point",
        "coordinates": [16.4269102, 43.3246362]
      },
      "properties": {
        "timestamp": "2026-07-10T12:00:00.000Z",
        "sog": 4.5,
        "cog": 4.5
      }
    },
    {
      "type": "Feature",
      "geometry": {
        "type": "Point",
        "coordinates": [16.3212911, 43.4478094]
      },
      "properties": {
        "timestamp": "2026-07-11T09:00:00.000Z",
        "sog": 4.5,
        "cog": 4.5
      }
    },
    {
      "type": "Feature",
      "geometry": {
        "type": "Point",
        "coordinates": [16.1915339, 43.4979318]
      },
      "properties": {
        "timestamp": "2026-07-11T10:00:00.000Z",
        "sog": 4.5,
        "cog": 4.5
      }
    },
    {
      "type": "Feature",
      "geometry": {
        "type": "Point",
        "coordinates": [16.2251145, 43.5156593]
      },
      "properties": {
        "timestamp": "2026-07-11T11:00:00.000Z",
        "sog": 4.5,
        "cog": 4.5
      }
    },
    {
      "type": "Feature",
      "geometry": {
        "type": "Point",
        "coordinates": [16.2001257, 43.4980317]
      },
      "properties": {
        "timestamp": "2026-07-12T09:00:00.000Z",
        "sog": 4.5,
        "cog": 4.5
      }
    },
    {
      "type": "Feature",
      "geometry": {
        "type": "Point",
        "coordinates": [16.1856776, 43.3784122]
      },
      "properties": {
        "timestamp": "2026-07-12T10:00:00.000Z",
        "sog": 4.5,
        "cog": 4.5
      }
    },
    {
      "type": "Feature",
      "geometry": {
        "type": "Point",
        "coordinates": [16.3049189, 43.1607353]
      },
      "properties": {
        "timestamp": "2026-07-12T11:00:00.000Z",
        "sog": 4.5,
        "cog": 4.5
      }
    },
    {
      "type": "Feature",
      "geometry": {
        "type": "Point",
        "coordinates": [16.3668183, 43.1454106]
      },
      "properties": {
        "timestamp": "2026-07-12T12:00:00.000Z",
        "sog": 4.5,
        "cog": 4.5
      }
    },
    {
      "type": "Feature",
      "geometry": {
        "type": "Point",
        "coordinates": [16.3837440, 43.1571130]
      },
      "properties": {
        "timestamp": "2026-07-12T13:00:00.000Z",
        "sog": 4.5,
        "cog": 4.5
      }
    },
    {
      "type": "Feature",
      "geometry": {
        "type": "Point",
        "coordinates": [16.3834248, 43.1505832]
      },
      "properties": {
        "timestamp": "2026-07-13T09:00:00.000Z",
        "sog": 4.5,
        "cog": 4.5
      }
    },
    {
      "type": "Feature",
      "geometry": {
        "type": "Point",
        "coordinates": [16.3971249, 43.1497909]
      },
      "properties": {
        "timestamp": "2026-07-13T10:00:00.000Z",
        "sog": 4.5,
        "cog": 4.5
      }
    },
    {
      "type": "Feature",
      "geometry": {
        "type": "Point",
        "coordinates": [16.4118968, 43.1586166]
      },
      "properties": {
        "timestamp": "2026-07-13T11:00:00.000Z",
        "sog": 4.5,
        "cog": 4.5
      }
    },
    {
      "type": "Feature",
      "geometry": {
        "type": "Point",
        "coordinates": [16.4170768, 43.1590862]
      },
      "properties": {
        "timestamp": "2026-07-13T12:00:00.000Z",
        "sog": 4.5,
        "cog": 4.5
      }
    },
    {
      "type": "Feature",
      "geometry": {
        "type": "Point",
        "coordinates": [16.4222901, 43.1667904]
      },
      "properties": {
        "timestamp": "2026-07-13T13:00:00.000Z",
        "sog": 4.5,
        "cog": 4.5
      }
    },
    {
      "type": "Feature",
      "geometry": {
        "type": "Point",
        "coordinates": [16.4380329, 43.1695578]
      },
      "properties": {
        "timestamp": "2026-07-13T14:00:00.000Z",
        "sog": 4.5,
        "cog": 4.5
      }
    },
    {
      "type": "Feature",
      "geometry": {
        "type": "Point",
        "coordinates": [16.4354654, 43.1652383]
      },
      "properties": {
        "timestamp": "2026-07-13T15:00:00.000Z",
        "sog": 4.5,
        "cog": 4.5
      }
    },
    {
      "type": "Feature",
      "geometry": {
        "type": "Point",
        "coordinates": [16.6018492, 42.9994906]
      },
      "properties": {
        "timestamp": "2026-07-13T16:00:00.000Z",
        "sog": 4.5,
        "cog": 4.5
      }
    },
    {
      "type": "Feature",
      "geometry": {
        "type": "Point",
        "coordinates": [16.6535012, 42.9943276]
      },
      "properties": {
        "timestamp": "2026-07-13T17:00:00.000Z",
        "sog": 4.5,
        "cog": 4.5
      }
    },
    {
      "type": "Feature",
      "geometry": {
        "type": "Point",
        "coordinates": [16.6607964, 42.9900926]
      },
      "properties": {
        "timestamp": "2026-07-13T18:00:00.000Z",
        "sog": 4.5,
        "cog": 4.5
      }
    },
{
      "type": "Feature",
      "geometry": {
        "type": "Point",
        "coordinates": [16.6562236, 42.9970042]
      },
      "properties": {
        "timestamp": "2026-07-15T09:00:00.000Z",
        "sog": 4.5,
        "cog": 4.5
      }
    },
    {
      "type": "Feature",
      "geometry": {
        "type": "Point",
        "coordinates": [16.8204633, 43.0442671]
      },
      "properties": {
        "timestamp": "2026-07-15T10:00:00.000Z",
        "sog": 4.5,
        "cog": 4.5
      }
    },
    {
      "type": "Feature",
      "geometry": {
        "type": "Point",
        "coordinates": [17.0475240, 42.9843568]
      },
      "properties": {
        "timestamp": "2026-07-15T11:00:00.000Z",
        "sog": 4.5,
        "cog": 4.5
      }
    },
    {
      "type": "Feature",
      "geometry": {
        "type": "Point",
        "coordinates": [17.1464929, 42.9646088]
      },
      "properties": {
        "timestamp": "2026-07-15T12:00:00.000Z",
        "sog": 4.5,
        "cog": 4.5
      }
    },
    {
      "type": "Feature",
      "geometry": {
        "type": "Point",
        "coordinates": [17.1526066, 42.9511434]
      },
      "properties": {
        "timestamp": "2026-07-15T13:00:00.000Z",
        "sog": 4.5,
        "cog": 4.5
      }
    },
    {
      "type": "Feature",
      "geometry": {
        "type": "Point",
        "coordinates": [17.1618582, 42.9493554]
      },
      "properties": {
        "timestamp": "2026-07-15T14:00:00.000Z",
        "sog": 4.5,
        "cog": 4.5
      }
    },
    {
      "type": "Feature",
      "geometry": {
        "type": "Point",
        "coordinates": [17.1615260, 42.9399237]
      },
      "properties": {
        "timestamp": "2026-07-16T09:00:00.000Z",
        "sog": 4.5,
        "cog": 4.5
      }
    },
    {
      "type": "Feature",
      "geometry": {
        "type": "Point",
        "coordinates": [17.1848012, 42.9374132]
      },
      "properties": {
        "timestamp": "2026-07-16T10:00:00.000Z",
        "sog": 4.5,
        "cog": 4.5
      }
    },
    {
      "type": "Feature",
      "geometry": {
        "type": "Point",
        "coordinates": [17.3812515, 42.8161126]
      },
      "properties": {
        "timestamp": "2026-07-16T11:00:00.000Z",
        "sog": 4.5,
        "cog": 4.5
      }
    },
    {
      "type": "Feature",
      "geometry": {
        "type": "Point",
        "coordinates": [17.6824338, 42.7416041]
      },
      "properties": {
        "timestamp": "2026-07-16T12:00:00.000Z",
        "sog": 4.5,
        "cog": 4.5
      }
    },
    {
      "type": "Feature",
      "geometry": {
        "type": "Point",
        "coordinates": [17.7615831, 42.7074144]
      },
      "properties": {
        "timestamp": "2026-07-16T13:00:00.000Z",
        "sog": 4.5,
        "cog": 4.5
      }
    },
    {
      "type": "Feature",
      "geometry": {
        "type": "Point",
        "coordinates": [17.7567380, 42.6798669]
      },
      "properties": {
        "timestamp": "2026-07-16T14:00:00.000Z",
        "sog": 4.5,
        "cog": 4.5
      }
    },
    {
      "type": "Feature",
      "geometry": {
        "type": "Point",
        "coordinates": [17.7313482, 42.6869476]
      },
      "properties": {
        "timestamp": "2026-07-16T15:00:00.000Z",
        "sog": 4.5,
        "cog": 4.5
      }
    },
    {
      "type": "Feature",
      "geometry": {
        "type": "Point",
        "coordinates": [17.7384644, 42.6990334]
      },
      "properties": {
        "timestamp": "2026-07-16T16:00:00.000Z",
        "sog": 4.5,
        "cog": 4.5
      }
    },
    {
      "type": "Feature",
      "geometry": {
        "type": "Point",
        "coordinates": [17.7318427, 42.6838161]
      },
      "properties": {
        "timestamp": "2026-07-17T09:00:00.000Z",
        "sog": 4.5,
        "cog": 4.5
      }
    },
    {
      "type": "Feature",
      "geometry": {
        "type": "Point",
        "coordinates": [18.1197542, 42.6369627]
      },
      "properties": {
        "timestamp": "2026-07-17T10:00:00.000Z",
        "sog": 4.5,
        "cog": 4.5
      }
    },
    {
      "type": "Feature",
      "geometry": {
        "type": "Point",
        "coordinates": [18.1268034, 42.6262173]
      },
      "properties": {
        "timestamp": "2026-07-17T11:00:00.000Z",
        "sog": 4.5,
        "cog": 4.5
      }
    },
    {
      "type": "Feature",
      "geometry": {
        "type": "Point",
        "coordinates": [18.1244628, 42.6251432]
      },
      "properties": {
        "timestamp": "2026-07-17T12:00:00.000Z",
        "sog": 4.5,
        "cog": 4.5
      }
    },
    {
      "type": "Feature",
      "geometry": {
        "type": "Point",
        "coordinates": [18.1347910, 42.6213911]
      },
      "properties": {
        "timestamp": "2026-07-19T09:00:00.000Z",
        "sog": 4.5,
        "cog": 4.5
      }
    },
    {
      "type": "Feature",
      "geometry": {
        "type": "Point",
        "coordinates": [18.1207453, 42.6165477]
      },
      "properties": {
        "timestamp": "2026-07-19T10:00:00.000Z",
        "sog": 4.5,
        "cog": 4.5
      }
    },
    {
      "type": "Feature",
      "geometry": {
        "type": "Point",
        "coordinates": [17.9541187, 42.6793276]
      },
      "properties": {
        "timestamp": "2026-07-19T11:00:00.000Z",
        "sog": 4.5,
        "cog": 4.5
      }
    },
    {
      "type": "Feature",
      "geometry": {
        "type": "Point",
        "coordinates": [17.9629472, 42.6746206]
      },
      "properties": {
        "timestamp": "2026-07-20T09:00:00.000Z",
        "sog": 4.5,
        "cog": 4.5
      }
    },
    {
      "type": "Feature",
      "geometry": {
        "type": "Point",
        "coordinates": [17.9405240, 42.6671438]
      },
      "properties": {
        "timestamp": "2026-07-20T10:00:00.000Z",
        "sog": 4.5,
        "cog": 4.5
      }
    },
    {
      "type": "Feature",
      "geometry": {
        "type": "Point",
        "coordinates": [17.7779338, 42.7507350]
      },
      "properties": {
        "timestamp": "2026-07-20T11:00:00.000Z",
        "sog": 4.5,
        "cog": 4.5
      }
    },
    {
      "type": "Feature",
      "geometry": {
        "type": "Point",
        "coordinates": [17.7932174, 42.7685567]
      },
      "properties": {
        "timestamp": "2026-07-20T12:00:00.000Z",
        "sog": 4.5,
        "cog": 4.5
      }
    },
    {
      "type": "Feature",
      "geometry": {
        "type": "Point",
        "coordinates": [17.7479417, 42.8095678]
      },
      "properties": {
        "timestamp": "2026-07-20T13:00:00.000Z",
        "sog": 4.5,
        "cog": 4.5
      }
    },
    {
      "type": "Feature",
      "geometry": {
        "type": "Point",
        "coordinates": [17.7180367, 42.8225219]
      },
      "properties": {
        "timestamp": "2026-07-20T14:00:00.000Z",
        "sog": 4.5,
        "cog": 4.5
      }
    },
    {
      "type": "Feature",
      "geometry": {
        "type": "Point",
        "coordinates": [17.7118965, 42.8242157]
      },
      "properties": {
        "timestamp": "2026-07-20T15:00:00.000Z",
        "sog": 4.5,
        "cog": 4.5
      }
    },
    {
      "type": "Feature",
      "geometry": {
        "type": "Point",
        "coordinates": [17.7040631, 42.8279514]
      },
      "properties": {
        "timestamp": "2026-07-20T16:00:00.000Z",
        "sog": 4.5,
        "cog": 4.5
      }
    },
    {
      "type": "Feature",
      "geometry": {
        "type": "Point",
        "coordinates": [17.7003378, 42.8302094]
      },
      "properties": {
        "timestamp": "2026-07-20T17:00:00.000Z",
        "sog": 4.5,
        "cog": 4.5
      }
    },
    {
      "type": "Feature",
      "geometry": {
        "type": "Point",
        "coordinates": [17.6970612, 42.8344964]
      },
      "properties": {
        "timestamp": "2026-07-20T18:00:00.000Z",
        "sog": 4.5,
        "cog": 4.5
      }
    },
    {
      "type": "Feature",
      "geometry": {
        "type": "Point",
        "coordinates": [17.7001749, 42.8300161]
      },
      "properties": {
        "timestamp": "2026-07-21T09:00:00.000Z",
        "sog": 4.5,
        "cog": 4.5
      }
    },
    {
      "type": "Feature",
      "geometry": {
        "type": "Point",
        "coordinates": [17.7057187, 42.8267682]
      },
      "properties": {
        "timestamp": "2026-07-21T10:00:00.000Z",
        "sog": 4.5,
        "cog": 4.5
      }
    },
    {
      "type": "Feature",
      "geometry": {
        "type": "Point",
        "coordinates": [17.7145582, 42.8230870]
      },
      "properties": {
        "timestamp": "2026-07-21T11:00:00.000Z",
        "sog": 4.5,
        "cog": 4.5
      }
    },
    {
      "type": "Feature",
      "geometry": {
        "type": "Point",
        "coordinates": [17.7200333, 42.8214780]
      },
      "properties": {
        "timestamp": "2026-07-21T12:00:00.000Z",
        "sog": 4.5,
        "cog": 4.5
      }
    },
    {
      "type": "Feature",
      "geometry": {
        "type": "Point",
        "coordinates": [17.7811307, 42.7837370]
      },
      "properties": {
        "timestamp": "2026-07-21T13:00:00.000Z",
        "sog": 4.5,
        "cog": 4.5
      }
    },
    {
      "type": "Feature",
      "geometry": {
        "type": "Point",
        "coordinates": [17.7853042, 42.7471574]
      },
      "properties": {
        "timestamp": "2026-07-21T14:00:00.000Z",
        "sog": 4.5,
        "cog": 4.5
      }
    },
    {
      "type": "Feature",
      "geometry": {
        "type": "Point",
        "coordinates": [18.0667035, 42.6123467]
      },
      "properties": {
        "timestamp": "2026-07-21T15:00:00.000Z",
        "sog": 4.5,
        "cog": 4.5
      }
    },
    {
      "type": "Feature",
      "geometry": {
        "type": "Point",
        "coordinates": [18.2081052, 42.5852110]
      },
      "properties": {
        "timestamp": "2026-07-21T16:00:00.000Z",
        "sog": 4.5,
        "cog": 4.5
      }
    },
    {
      "type": "Feature",
      "geometry": {
        "type": "Point",
        "coordinates": [18.2159054, 42.5815105]
      },
      "properties": {
        "timestamp": "2026-07-21T17:00:00.000Z",
        "sog": 4.5,
        "cog": 4.5
      }
    },
    {
      "type": "Feature",
      "geometry": {
        "type": "Point",
        "coordinates": [18.2040932, 42.5853939]
      },
      "properties": {
        "timestamp": "2026-07-22T09:00:00.000Z",
        "sog": 4.5,
        "cog": 4.5
      }
    },
    {
      "type": "Feature",
      "geometry": {
        "type": "Point",
        "coordinates": [18.5027525, 42.3468634]
      },
      "properties": {
        "timestamp": "2026-07-22T10:00:00.000Z",
        "sog": 4.5,
        "cog": 4.5
      }
    },
    {
      "type": "Feature",
      "geometry": {
        "type": "Point",
        "coordinates": [18.5415289, 42.3939560]
      },
      "properties": {
        "timestamp": "2026-07-22T11:00:00.000Z",
        "sog": 4.5,
        "cog": 4.5
      }
    },
    {
      "type": "Feature",
      "geometry": {
        "type": "Point",
        "coordinates": [18.5439720, 42.4277162]
      },
      "properties": {
        "timestamp": "2026-07-22T12:00:00.000Z",
        "sog": 4.5,
        "cog": 4.5
      }
    },
    {
      "type": "Feature",
      "geometry": {
        "type": "Point",
        "coordinates": [18.5716638, 42.4503798]
      },
      "properties": {
        "timestamp": "2026-07-22T13:00:00.000Z",
        "sog": 4.5,
        "cog": 4.5
      }
    },
    {
      "type": "Feature",
      "geometry": {
        "type": "Point",
        "coordinates": [18.5691932, 42.4486293]
      },
      "properties": {
        "timestamp": "2026-07-22T14:00:00.000Z",
        "sog": 4.5,
        "cog": 4.5
      }
    },
    {
      "type": "Feature",
      "geometry": {
        "type": "Point",
        "coordinates": [18.6302828, 42.4205291]
      },
      "properties": {
        "timestamp": "2026-07-22T15:00:00.000Z",
        "sog": 4.5,
        "cog": 4.5
      }
    },
    {
      "type": "Feature",
      "geometry": {
        "type": "Point",
        "coordinates": [18.6839079, 42.4095599]
      },
      "properties": {
        "timestamp": "2026-07-22T16:00:00.000Z",
        "sog": 4.5,
        "cog": 4.5
      }
    },
    {
      "type": "Feature",
      "geometry": {
        "type": "Point",
        "coordinates": [18.6738449, 42.4093673]
      },
      "properties": {
        "timestamp": "2026-07-23T09:00:00.000Z",
        "sog": 4.5,
        "cog": 4.5
      }
    },
    {
      "type": "Feature",
      "geometry": {
        "type": "Point",
        "coordinates": [18.6758764, 42.4207924]
      },
      "properties": {
        "timestamp": "2026-07-23T10:00:00.000Z",
        "sog": 4.5,
        "cog": 4.5
      }
    },
    {
      "type": "Feature",
      "geometry": {
        "type": "Point",
        "coordinates": [18.7003317, 42.4207197]
      },
      "properties": {
        "timestamp": "2026-07-23T11:00:00.000Z",
        "sog": 4.5,
        "cog": 4.5
      }
    },
{
      "type": "Feature",
      "geometry": {
        "type": "Point",
        "coordinates": [18.6160081, 42.4287593]
      },
      "properties": {
        "timestamp": "2026-07-24T09:00:00.000Z",
        "sog": 4.5,
        "cog": 4.5
      }
    },
    {
      "type": "Feature",
      "geometry": {
        "type": "Point",
        "coordinates": [18.5429448, 42.4394780]
      },
      "properties": {
        "timestamp": "2026-07-24T10:00:00.000Z",
        "sog": 4.5,
        "cog": 4.5
      }
    },
    {
      "type": "Feature",
      "geometry": {
        "type": "Point",
        "coordinates": [18.5268321, 42.4506141]
      },
      "properties": {
        "timestamp": "2026-07-24T11:00:00.000Z",
        "sog": 4.5,
        "cog": 4.5
      }
    },
    {
      "type": "Feature",
      "geometry": {
        "type": "Point",
        "coordinates": [18.5509907, 42.3911406]
      },
      "properties": {
        "timestamp": "2026-07-25T09:00:00.000Z",
        "sog": 4.5,
        "cog": 4.5
      }
    },
    {
      "type": "Feature",
      "geometry": {
        "type": "Point",
        "coordinates": [18.5963656, 42.3726438]
      },
      "properties": {
        "timestamp": "2026-07-25T10:00:00.000Z",
        "sog": 4.5,
        "cog": 4.5
      }
    },
    {
      "type": "Feature",
      "geometry": {
        "type": "Point",
        "coordinates": [18.5622332, 42.3913335]
      },
      "properties": {
        "timestamp": "2026-07-25T11:00:00.000Z",
        "sog": 4.5,
        "cog": 4.5
      }
    },
    {
      "type": "Feature",
      "geometry": {
        "type": "Point",
        "coordinates": [18.5686349, 42.3976784]
      },
      "properties": {
        "timestamp": "2026-07-25T12:00:00.000Z",
        "sog": 4.5,
        "cog": 4.5
      }
    },
    {
      "type": "Feature",
      "geometry": {
        "type": "Point",
        "coordinates": [18.5736014, 42.3940855]
      },
      "properties": {
        "timestamp": "2026-07-25T13:00:00.000Z",
        "sog": 4.5,
        "cog": 4.5
      }
    },
    {
      "type": "Feature",
      "geometry": {
        "type": "Point",
        "coordinates": [18.5398850, 42.4139285]
      },
      "properties": {
        "timestamp": "2026-07-26T09:00:00.000Z",
        "sog": 4.5,
        "cog": 4.5
      }
    },
    {
      "type": "Feature",
      "geometry": {
        "type": "Point",
        "coordinates": [18.5543790, 42.4435421]
      },
      "properties": {
        "timestamp": "2026-07-26T10:00:00.000Z",
        "sog": 4.5,
        "cog": 4.5
      }
    },
    {
      "type": "Feature",
      "geometry": {
        "type": "Point",
        "coordinates": [18.6361854, 42.4239772]
      },
      "properties": {
        "timestamp": "2026-07-26T11:00:00.000Z",
        "sog": 4.5,
        "cog": 4.5
      }
    },
    {
      "type": "Feature",
      "geometry": {
        "type": "Point",
        "coordinates": [18.6797602, 42.4579598]
      },
      "properties": {
        "timestamp": "2026-07-26T12:00:00.000Z",
        "sog": 4.5,
        "cog": 4.5
      }
    },
    {
      "type": "Feature",
      "geometry": {
        "type": "Point",
        "coordinates": [18.6896250, 42.4807665]
      },
      "properties": {
        "timestamp": "2026-07-26T13:00:00.000Z",
        "sog": 4.5,
        "cog": 4.5
      }
    },
    {
      "type": "Feature",
      "geometry": {
        "type": "Point",
        "coordinates": [18.6846703, 42.4898289]
      },
      "properties": {
        "timestamp": "2026-07-26T14:00:00.000Z",
        "sog": 4.5,
        "cog": 4.5
      }
    },
    {
      "type": "Feature",
      "geometry": {
        "type": "Point",
        "coordinates": [18.6957234, 42.4864801]
      },
      "properties": {
        "timestamp": "2026-07-26T15:00:00.000Z",
        "sog": 4.5,
        "cog": 4.5
      }
    },
    {
      "type": "Feature",
      "geometry": {
        "type": "Point",
        "coordinates": [18.7559145, 42.4671942]
      },
      "properties": {
        "timestamp": "2026-07-26T16:00:00.000Z",
        "sog": 4.5,
        "cog": 4.5
      }
    },
    {
      "type": "Feature",
      "geometry": {
        "type": "Point",
        "coordinates": [18.7641871, 42.4241975]
      },
      "properties": {
        "timestamp": "2026-07-26T17:00:00.000Z",
        "sog": 4.5,
        "cog": 4.5
      }
    },
    {
      "type": "Feature",
      "geometry": {
        "type": "Point",
        "coordinates": [18.7550954, 42.4784124]
      },
      "properties": {
        "timestamp": "2026-07-27T09:00:00.000Z",
        "sog": 4.5,
        "cog": 4.5
      }
    },
    {
      "type": "Feature",
      "geometry": {
        "type": "Point",
        "coordinates": [18.6902359, 42.4808711]
      },
      "properties": {
        "timestamp": "2026-07-27T10:00:00.000Z",
        "sog": 4.5,
        "cog": 4.5
      }
    },
    {
      "type": "Feature",
      "geometry": {
        "type": "Point",
        "coordinates": [18.6774599, 42.4483779]
      },
      "properties": {
        "timestamp": "2026-07-27T11:00:00.000Z",
        "sog": 4.5,
        "cog": 4.5
      }
    },
    {
      "type": "Feature",
      "geometry": {
        "type": "Point",
        "coordinates": [18.6932443, 42.4143204]
      },
      "properties": {
        "timestamp": "2026-07-27T12:00:00.000Z",
        "sog": 4.5,
        "cog": 4.5
      }
    },
    {
      "type": "Feature",
      "geometry": {
        "type": "Point",
        "coordinates": [18.6292834, 42.4255419]
      },
      "properties": {
        "timestamp": "2026-07-29T09:00:00.000Z",
        "sog": 4.5,
        "cog": 4.5
      }
    },
    {
      "type": "Feature",
      "geometry": {
        "type": "Point",
        "coordinates": [18.5486709, 42.4400102]
      },
      "properties": {
        "timestamp": "2026-07-29T10:00:00.000Z",
        "sog": 4.5,
        "cog": 4.5
      }
    },
    {
      "type": "Feature",
      "geometry": {
        "type": "Point",
        "coordinates": [18.5379716, 42.4167991]
      },
      "properties": {
        "timestamp": "2026-07-29T11:00:00.000Z",
        "sog": 4.5,
        "cog": 4.5
      }
    },
    {
      "type": "Feature",
      "geometry": {
        "type": "Point",
        "coordinates": [18.6905645, 42.2262758]
      },
      "properties": {
        "timestamp": "2026-07-29T12:00:00.000Z",
        "sog": 4.5,
        "cog": 4.5
      }
    },
    {
      "type": "Feature",
      "geometry": {
        "type": "Point",
        "coordinates": [18.8425545, 42.2717840]
      },
      "properties": {
        "timestamp": "2026-07-29T13:00:00.000Z",
        "sog": 4.5,
        "cog": 4.5
      }
    },
    {
      "type": "Feature",
      "geometry": {
        "type": "Point",
        "coordinates": [18.8444720, 42.2819239]
      },
      "properties": {
        "timestamp": "2026-07-29T14:00:00.000Z",
        "sog": 4.5,
        "cog": 4.5
      }
    },
    {
      "type": "Feature",
      "geometry": {
        "type": "Point",
        "coordinates": [18.8414156, 42.2642756]
      },
      "properties": {
        "timestamp": "2026-07-30T09:00:00.000Z",
        "sog": 4.5,
        "cog": 4.5
      }
    },
    {
      "type": "Feature",
      "geometry": {
        "type": "Point",
        "coordinates": [18.6858093, 41.6698985]
      },
      "properties": {
        "timestamp": "2026-07-30T10:00:00.000Z",
        "sog": 4.5,
        "cog": 4.5
      }
    },
    {
      "type": "Feature",
      "geometry": {
        "type": "Point",
        "coordinates": [19.4578221, 41.2894360]
      },
      "properties": {
        "timestamp": "2026-07-31T09:00:00.000Z",
        "sog": 4.5,
        "cog": 4.5
      }
    },
    {
      "type": "Feature",
      "geometry": {
        "type": "Point",
        "coordinates": [19.4660950, 41.3076375]
      },
      "properties": {
        "timestamp": "2026-07-31T10:00:00.000Z",
        "sog": 4.5,
        "cog": 4.5
      }
    },
{
      "type": "Feature",
      "geometry": {
        "type": "Point",
        "coordinates": [19.1545967, 40.2978420]
      },
      "properties": {
        "timestamp": "2026-08-01T09:00:00.000Z",
        "sog": 4.5,
        "cog": 4.5
      }
    },
    {
      "type": "Feature",
      "geometry": {
        "type": "Point",
        "coordinates": [19.8727873, 39.8756016]
      },
      "properties": {
        "timestamp": "2026-08-01T10:00:00.000Z",
        "sog": 4.5,
        "cog": 4.5
      }
    },
    {
      "type": "Feature",
      "geometry": {
        "type": "Point",
        "coordinates": [20.0086271, 39.8687109]
      },
      "properties": {
        "timestamp": "2026-08-01T11:00:00.000Z",
        "sog": 4.5,
        "cog": 4.5
      }
    },
    {
      "type": "Feature",
      "geometry": {
        "type": "Point",
        "coordinates": [19.9468927, 39.7222876]
      },
      "properties": {
        "timestamp": "2026-08-02T09:00:00.000Z",
        "sog": 4.5,
        "cog": 4.5
      }
    },
    {
      "type": "Feature",
      "geometry": {
        "type": "Point",
        "coordinates": [19.8925123, 39.6334103]
      },
      "properties": {
        "timestamp": "2026-08-02T10:00:00.000Z",
        "sog": 4.5,
        "cog": 4.5
      }
    },
    {
      "type": "Feature",
      "geometry": {
        "type": "Point",
        "coordinates": [19.9213048, 39.6446758]
      },
      "properties": {
        "timestamp": "2026-08-03T09:00:00.000Z",
        "sog": 4.5,
        "cog": 4.5
      }
    },
    {
      "type": "Feature",
      "geometry": {
        "type": "Point",
        "coordinates": [19.9151361, 39.6401872]
      },
      "properties": {
        "timestamp": "2026-08-03T10:00:00.000Z",
        "sog": 4.5,
        "cog": 4.5
      }
    },
    {
      "type": "Feature",
      "geometry": {
        "type": "Point",
        "coordinates": [19.9192465, 39.6338841]
      },
      "properties": {
        "timestamp": "2026-08-03T11:00:00.000Z",
        "sog": 4.5,
        "cog": 4.5
      }
    },
    {
      "type": "Feature",
      "geometry": {
        "type": "Point",
        "coordinates": [19.9360600, 39.6234478]
      },
      "properties": {
        "timestamp": "2026-08-03T12:00:00.000Z",
        "sog": 4.5,
        "cog": 4.5
      }
    },
    {
      "type": "Feature",
      "geometry": {
        "type": "Point",
        "coordinates": [19.9240531, 39.6140480]
      },
      "properties": {
        "timestamp": "2026-08-03T13:00:00.000Z",
        "sog": 4.5,
        "cog": 4.5
      }
    },
    {
      "type": "Feature",
      "geometry": {
        "type": "Point",
        "coordinates": [19.9447383, 39.6252888]
      },
      "properties": {
        "timestamp": "2026-08-12T09:00:00.000Z",
        "sog": 4.5,
        "cog": 4.5
      }
    },
    {
      "type": "Feature",
      "geometry": {
        "type": "Point",
        "coordinates": [19.9631875, 39.7743600]
      },
      "properties": {
        "timestamp": "2026-08-12T10:00:00.000Z",
        "sog": 4.5,
        "cog": 4.5
      }
    },
    {
      "type": "Feature",
      "geometry": {
        "type": "Point",
        "coordinates": [19.9489329, 39.7836571]
      },
      "properties": {
        "timestamp": "2026-08-12T11:00:00.000Z",
        "sog": 4.5,
        "cog": 4.5
      }
    },
    {
      "type": "Feature",
      "geometry": {
        "type": "Point",
        "coordinates": [19.950713171967497, 39.78971213906484]
      },
      "properties": {
        "timestamp": "2026-09-10T00:00:00.000Z",
        "sog": 4.5,
        "cog": 4.5
      }
    },
    {
      "type": "Feature",
      "geometry": {
        "type": "Point",
        "coordinates": [19.851661313875702, 39.83153963478767]
      },
      "properties": {
        "timestamp": "2026-09-10T01:00:00.000Z",
        "sog": 4.5,
        "cog": 4.5
      }
    },
    {
      "type": "Feature",
      "geometry": {
        "type": "Point",
        "coordinates": [19.6717655005994, 39.828195723900556]
      },
      "properties": {
        "timestamp": "2026-09-10T02:00:00.000Z",
        "sog": 4.5,
        "cog": 4.5
      }
    },
    {
      "type": "Feature",
      "geometry": {
        "type": "Point",
        "coordinates": [19.669038559626056, 39.80255494076104]
      },
      "properties": {
        "timestamp": "2026-09-10T03:00:00.000Z",
        "sog": 4.5,
        "cog": 4.5
      }
    },
    {
      "type": "Feature",
      "geometry": {
        "type": "Point",
        "coordinates": [19.615177559522678, 39.754236510920315]
      },
      "properties": {
        "timestamp": "2026-09-10T04:00:00.000Z",
        "sog": 4.5,
        "cog": 4.5
      }
    },
    {
      "type": "Feature",
      "geometry": {
        "type": "Point",
        "coordinates": [19.628696009965157, 39.715707130866434]
      },
      "properties": {
        "timestamp": "2026-09-10T05:00:00.000Z",
        "sog": 4.5,
        "cog": 4.5
      }
    },
    {
      "type": "Feature",
      "geometry": {
        "type": "Point",
        "coordinates": [19.659968424525495, 39.7056343751729]
      },
      "properties": {
        "timestamp": "2026-09-10T06:00:00.000Z",
        "sog": 4.5,
        "cog": 4.5
      }
    },
    {
      "type": "Feature",
      "geometry": {
        "type": "Point",
        "coordinates": [19.670392562641283, 39.71854288380964]
      },
      "properties": {
        "timestamp": "2026-09-10T07:00:00.000Z",
        "sog": 4.5,
        "cog": 4.5
      }
    },
    {
      "type": "Feature",
      "geometry": {
        "type": "Point",
        "coordinates": [19.661795735253992, 39.67419373772624]
      },
      "properties": {
        "timestamp": "2026-09-10T08:00:00.000Z",
        "sog": 4.5,
        "cog": 4.5
      }
    },
    {
      "type": "Feature",
      "geometry": {
        "type": "Point",
        "coordinates": [19.73616305049629, 39.60401794244885]
      },
      "properties": {
        "timestamp": "2026-09-10T09:00:00.000Z",
        "sog": 4.5,
        "cog": 4.5
      }
    },
    {
      "type": "Feature",
      "geometry": {
        "type": "Point",
        "coordinates": [19.845925113320735, 39.42020312708382]
      },
      "properties": {
        "timestamp": "2026-09-10T10:00:00.000Z",
        "sog": 4.5,
        "cog": 4.5
      }
    },
    {
      "type": "Feature",
      "geometry": {
        "type": "Point",
        "coordinates": [19.926362788310847, 39.427699965521015]
      },
      "properties": {
        "timestamp": "2026-09-10T11:00:00.000Z",
        "sog": 4.5,
        "cog": 4.5
      }
    },
    {
      "type": "Feature",
      "geometry": {
        "type": "Point",
        "coordinates": [19.943325169298163, 39.42237699564427]
      },
      "properties": {
        "timestamp": "2026-09-10T12:00:00.000Z",
        "sog": 4.5,
        "cog": 4.5
      }
    },
    {
      "type": "Feature",
      "geometry": {
        "type": "Point",
        "coordinates": [20.09130502735044, 39.338300417885335]
      },
      "properties": {
        "timestamp": "2026-09-10T13:00:00.000Z",
        "sog": 4.5,
        "cog": 4.5
      }
    },
    {
      "type": "Feature",
      "geometry": {
        "type": "Point",
        "coordinates": [20.117501223719305, 39.23259882991062]
      },
      "properties": {
        "timestamp": "2026-09-10T14:00:00.000Z",
        "sog": 4.5,
        "cog": 4.5
      }
    },
    {
      "type": "Feature",
      "geometry": {
        "type": "Point",
        "coordinates": [20.130148032541918, 39.19549378098021]
      },
      "properties": {
        "timestamp": "2026-09-10T15:00:00.000Z",
        "sog": 4.5,
        "cog": 4.5
      }
    },
    {
      "type": "Feature",
      "geometry": {
        "type": "Point",
        "coordinates": [20.147358697724403, 39.201764721863434]
      },
      "properties": {
        "timestamp": "2026-09-10T16:00:00.000Z",
        "sog": 4.5,
        "cog": 4.5
      }
    },
    {
      "type": "Feature",
      "geometry": {
        "type": "Point",
        "coordinates": [20.145847445064707, 39.19436636067077]
      },
      "properties": {
        "timestamp": "2026-09-10T17:00:00.000Z",
        "sog": 4.5,
        "cog": 4.5
      }
    },
    {
      "type": "Feature",
      "geometry": {
        "type": "Point",
        "coordinates": [20.20549244375165, 39.1510135365616]
      },
      "properties": {
        "timestamp": "2026-09-10T18:00:00.000Z",
        "sog": 4.5,
        "cog": 4.5
      }
    },
    {
      "type": "Feature",
      "geometry": {
        "type": "Point",
        "coordinates": [20.24466430092306, 39.12569032257546]
      },
      "properties": {
        "timestamp": "2026-09-10T19:00:00.000Z",
        "sog": 4.5,
        "cog": 4.5
      }
    },
    {
      "type": "Feature",
      "geometry": {
        "type": "Point",
        "coordinates": [20.257045176238975, 39.127894629725]
      },
      "properties": {
        "timestamp": "2026-09-10T20:00:00.000Z",
        "sog": 4.5,
        "cog": 4.5
      }
    },
    {
      "type": "Feature",
      "geometry": {
        "type": "Point",
        "coordinates": [20.250956221165573, 39.13781315818525]
      },
      "properties": {
        "timestamp": "2026-09-10T21:00:00.000Z",
        "sog": 4.5,
        "cog": 4.5
      }
    },
    {
      "type": "Feature",
      "geometry": {
        "type": "Point",
        "coordinates": [20.254203663871387, 39.14001708590037]
      },
      "properties": {
        "timestamp": "2026-09-10T22:00:00.000Z",
        "sog": 4.5,
        "cog": 4.5
      }
    },
    {
      "type": "Feature",
      "geometry": {
        "type": "Point",
        "coordinates": [20.251338257514934, 39.14172756944586]
      },
      "properties": {
        "timestamp": "2026-09-10T23:00:00.000Z",
        "sog": 4.5,
        "cog": 4.5
      }
    },
    {
      "type": "Feature",
      "geometry": {
        "type": "Point",
        "coordinates": [20.48505468296689, 39.036212798002616]
      },
      "properties": {
        "timestamp": "2026-09-10T23:01:00.000Z",
        "sog": 4.5,
        "cog": 4.5
      }
    },
    {
      "type": "Feature",
      "geometry": {
        "type": "Point",
        "coordinates": [20.50751476450135, 38.67368406393248]
      },
      "properties": {
        "timestamp": "2026-09-10T23:02:00.000Z",
        "sog": 4.5,
        "cog": 4.5
      }
    },
    {
      "type": "Feature",
      "geometry": {
        "type": "Point",
        "coordinates": [20.55313189942761, 38.61296837747731]
      },
      "properties": {
        "timestamp": "2026-09-10T23:03:00.000Z",
        "sog": 4.5,
        "cog": 4.5
      }
    },
    {
      "type": "Feature",
      "geometry": {
        "type": "Point",
        "coordinates": [20.540744334752723, 38.60310906661188]
      },
      "properties": {
        "timestamp": "2026-09-10T23:04:00.000Z",
        "sog": 4.5,
        "cog": 4.5
      }
    },
    {
      "type": "Feature",
      "geometry": {
        "type": "Point",
        "coordinates": [20.527141672770426, 38.55758370035977]
      },
      "properties": {
        "timestamp": "2026-09-10T23:05:00.000Z",
        "sog": 4.5,
        "cog": 4.5
      }
    },
    {
      "type": "Feature",
      "geometry": {
        "type": "Point",
        "coordinates": [20.56438082898212, 38.5603136816454]
      },
      "properties": {
        "timestamp": "2026-09-10T23:06:00.000Z",
        "sog": 4.5,
        "cog": 4.5
      }
    },
    {
      "type": "Feature",
      "geometry": {
        "type": "Point",
        "coordinates": [20.600219113719874, 38.62678650590097]
      },
      "properties": {
        "timestamp": "2026-09-10T23:07:00.000Z",
        "sog": 4.5,
        "cog": 4.5
      }
    },
    {
      "type": "Feature",
      "geometry": {
        "type": "Point",
        "coordinates": [20.6232520827579, 38.56778508722365]
      },
      "properties": {
        "timestamp": "2026-09-10T23:08:00.000Z",
        "sog": 4.5,
        "cog": 4.5
      }
    },
    {
      "type": "Feature",
      "geometry": {
        "type": "Point",
        "coordinates": [20.812918757177307, 38.575417507157525]
      },
      "properties": {
        "timestamp": "2026-09-10T23:09:00.000Z",
        "sog": 4.5,
        "cog": 4.5
      }
    },
    {
      "type": "Feature",
      "geometry": {
        "type": "Point",
        "coordinates": [20.82618400091888, 38.596184299932254]
      },
      "properties": {
        "timestamp": "2026-09-10T23:10:00.000Z",
        "sog": 4.5,
        "cog": 4.5
      }
    },
    {
      "type": "Feature",
      "geometry": {
        "type": "Point",
        "coordinates": [20.814836746596104, 38.67170484996831]
      },
      "properties": {
        "timestamp": "2026-09-10T23:11:00.000Z",
        "sog": 4.5,
        "cog": 4.5
      }
    },
    {
      "type": "Feature",
      "geometry": {
        "type": "Point",
        "coordinates": [20.80781986443367, 38.67505060886588]
      },
      "properties": {
        "timestamp": "2026-09-10T23:12:00.000Z",
        "sog": 4.5,
        "cog": 4.5
      }
    },
    {
      "type": "Feature",
      "geometry": {
        "type": "Point",
        "coordinates": [20.80306980729917, 38.67379453303759]
      },
      "properties": {
        "timestamp": "2026-09-10T23:13:00.000Z",
        "sog": 4.5,
        "cog": 4.5
      }
    },
    {
      "type": "Feature",
      "geometry": {
        "type": "Point",
        "coordinates": [20.8074751022223, 38.67493098354612]
      },
      "properties": {
        "timestamp": "2026-09-10T23:14:00.000Z",
        "sog": 4.5,
        "cog": 4.5
      }
    },
    {
      "type": "Feature",
      "geometry": {
        "type": "Point",
        "coordinates": [20.972666784069286, 38.65883427666692]
      },
      "properties": {
        "timestamp": "2026-09-10T23:15:00.000Z",
        "sog": 4.5,
        "cog": 4.5
      }
    },
    {
      "type": "Feature",
      "geometry": {
        "type": "Point",
        "coordinates": [20.966677667055087, 38.635446568976874]
      },
      "properties": {
        "timestamp": "2026-09-10T23:16:00.000Z",
        "sog": 4.5,
        "cog": 4.5
      }
    },
    {
      "type": "Feature",
      "geometry": {
        "type": "Point",
        "coordinates": [20.93748072155516, 38.625387507163154]
      },
      "properties": {
        "timestamp": "2026-09-10T23:17:00.000Z",
        "sog": 4.5,
        "cog": 4.5
      }
    },
    {
      "type": "Feature",
      "geometry": {
        "type": "Point",
        "coordinates": [20.943619566748346, 38.609477273400486]
      },
      "properties": {
        "timestamp": "2026-09-10T23:18:00.000Z",
        "sog": 4.5,
        "cog": 4.5
      }
    },
    {
      "type": "Feature",
      "geometry": {
        "type": "Point",
        "coordinates": [20.93882177646877, 38.58816914389685]
      },
      "properties": {
        "timestamp": "2026-09-10T23:19:00.000Z",
        "sog": 4.5,
        "cog": 4.5
      }
    },
    {
      "type": "Feature",
      "geometry": {
        "type": "Point",
        "coordinates": [20.920901056003324, 38.569567555172874]
      },
      "properties": {
        "timestamp": "2026-09-10T23:20:00.000Z",
        "sog": 4.5,
        "cog": 4.5
      }
    },
    {
      "type": "Feature",
      "geometry": {
        "type": "Point",
        "coordinates": [20.913949298810238, 38.56855143680849]
      },
      "properties": {
        "timestamp": "2026-09-10T23:21:00.000Z",
        "sog": 4.5,
        "cog": 4.5
      }
    },
    {
      "type": "Feature",
      "geometry": {
        "type": "Point",
        "coordinates": [20.91697207366728, 38.566562831298405]
      },
      "properties": {
        "timestamp": "2026-09-10T23:22:00.000Z",
        "sog": 4.5,
        "cog": 4.5
      }
    },
    {
      "type": "Feature",
      "geometry": {
        "type": "Point",
        "coordinates": [20.917606030600652, 38.53993921435598]
      },
      "properties": {
        "timestamp": "2026-09-10T23:23:00.000Z",
        "sog": 4.5,
        "cog": 4.5
      }
    },
    {
      "type": "Feature",
      "geometry": {
        "type": "Point",
        "coordinates": [20.83586191752936, 38.464120790952585]
      },
      "properties": {
        "timestamp": "2026-09-10T23:24:00.000Z",
        "sog": 4.5,
        "cog": 4.5
      }
    },
    {
      "type": "Feature",
      "geometry": {
        "type": "Point",
        "coordinates": [20.70675804505988, 38.394460628149965]
      },
      "properties": {
        "timestamp": "2026-09-10T23:25:00.000Z",
        "sog": 4.5,
        "cog": 4.5
      }
    },
    {
      "type": "Feature",
      "geometry": {
        "type": "Point",
        "coordinates": [20.721206206081835, 38.38617938642593]
      },
      "properties": {
        "timestamp": "2026-09-10T23:26:00.000Z",
        "sog": 4.5,
        "cog": 4.5
      }
    },
    {
      "type": "Feature",
      "geometry": {
        "type": "Point",
        "coordinates": [20.710163693494298, 38.385889485405045]
      },
      "properties": {
        "timestamp": "2026-09-10T23:27:00.000Z",
        "sog": 4.5,
        "cog": 4.5
      }
    },
    {
      "type": "Feature",
      "geometry": {
        "type": "Point",
        "coordinates": [20.69949102599115, 38.38688342689488]
      },
      "properties": {
        "timestamp": "2026-09-10T23:28:00.000Z",
        "sog": 4.5,
        "cog": 4.5
      }
    },
    {
      "type": "Feature",
      "geometry": {
        "type": "Point",
        "coordinates": [20.692973008514063, 38.382500796054586]
      },
      "properties": {
        "timestamp": "2026-09-10T23:29:00.000Z",
        "sog": 4.5,
        "cog": 4.5
      }
    },
    {
      "type": "Feature",
      "geometry": {
        "type": "Point",
        "coordinates": [20.71653707861472, 38.367962611129016]
      },
      "properties": {
        "timestamp": "2026-09-10T23:30:00.000Z",
        "sog": 4.5,
        "cog": 4.5
      }
    },
    {
      "type": "Feature",
      "geometry": {
        "type": "Point",
        "coordinates": [20.691090671606336, 38.38211824968968]
      },
      "properties": {
        "timestamp": "2026-09-10T23:31:00.000Z",
        "sog": 4.5,
        "cog": 4.5
      }
    },
    {
      "type": "Feature",
      "geometry": {
        "type": "Point",
        "coordinates": [20.70570787551313, 38.39881934129134]
      },
      "properties": {
        "timestamp": "2026-09-10T23:32:00.000Z",
        "sog": 4.5,
        "cog": 4.5
      }
    },
    {
      "type": "Feature",
      "geometry": {
        "type": "Point",
        "coordinates": [20.75559758629066, 38.39433818430669]
      },
      "properties": {
        "timestamp": "2026-09-10T23:33:00.000Z",
        "sog": 4.5,
        "cog": 4.5
      }
    },
    {
      "type": "Feature",
      "geometry": {
        "type": "Point",
        "coordinates": [20.799072977323164, 38.29565829135979]
      },
      "properties": {
        "timestamp": "2026-09-10T23:34:00.000Z",
        "sog": 4.5,
        "cog": 4.5
      }
    },
    {
      "type": "Feature",
      "geometry": {
        "type": "Point",
        "coordinates": [20.840331533054787, 38.09492975344869]
      },
      "properties": {
        "timestamp": "2026-09-10T23:35:00.000Z",
        "sog": 4.5,
        "cog": 4.5
      }
    },
    {
      "type": "Feature",
      "geometry": {
        "type": "Point",
        "coordinates": [20.840331533054787, 38.09492975344869]
      },
      "properties": {
        "timestamp": "2026-09-10T23:36:00.000Z",
        "sog": 4.5,
        "cog": 4.5
      }
    },
    {
      "type": "Feature",
      "geometry": {
        "type": "Point",
        "coordinates": [20.93847966145595, 37.894607644518935]
      },
      "properties": {
        "timestamp": "2026-09-10T23:37:00.000Z",
        "sog": 4.5,
        "cog": 4.5
      }
    },
    {
      "type": "Feature",
      "geometry": {
        "type": "Point",
        "coordinates": [20.906738553338155, 37.79133015094531]
      },
      "properties": {
        "timestamp": "2026-09-10T23:38:00.000Z",
        "sog": 4.5,
        "cog": 4.5
      }
    },
    {
      "type": "Feature",
      "geometry": {
        "type": "Point",
        "coordinates": [20.90823206249127, 37.779635772374725]
      },
      "properties": {
        "timestamp": "2026-09-10T23:39:00.000Z",
        "sog": 4.5,
        "cog": 4.5
      }
    },
    {
      "type": "Feature",
      "geometry": {
        "type": "Point",
        "coordinates": [20.90535759815304, 37.77990013458019]
      },
      "properties": {
        "timestamp": "2026-09-10T23:40:00.000Z",
        "sog": 4.5,
        "cog": 4.5
      }
    },
    {
      "type": "Feature",
      "geometry": {
        "type": "Point",
        "coordinates": [20.903759662099024, 37.783136400980595]
      },
      "properties": {
        "timestamp": "2026-09-10T23:41:00.000Z",
        "sog": 4.5,
        "cog": 4.5
      }
    },
    {
      "type": "Feature",
      "geometry": {
        "type": "Point",
        "coordinates": [20.910446161837932, 37.77804623838026]
      },
      "properties": {
        "timestamp": "2026-09-10T23:42:00.000Z",
        "sog": 4.5,
        "cog": 4.5
      }
    },
    {
      "type": "Feature",
      "geometry": {
        "type": "Point",
        "coordinates": [20.964670739501642, 37.75977640200071]
      },
      "properties": {
        "timestamp": "2026-09-10T23:43:00.000Z",
        "sog": 4.5,
        "cog": 4.5
      }
    },
    {
      "type": "Feature",
      "geometry": {
        "type": "Point",
        "coordinates": [20.999684795719485, 37.73358635786512]
      },
      "properties": {
        "timestamp": "2026-09-10T23:44:00.000Z",
        "sog": 4.5,
        "cog": 4.5
      }
    },
    {
      "type": "Feature",
      "geometry": {
        "type": "Point",
        "coordinates": [20.99149649227547, 37.72186722613624]
      },
      "properties": {
        "timestamp": "2026-09-10T23:45:00.000Z",
        "sog": 4.5,
        "cog": 4.5
      }
    },
    {
      "type": "Feature",
      "geometry": {
        "type": "Point",
        "coordinates": [21.002804149412437, 37.728960597519716]
      },
      "properties": {
        "timestamp": "2026-09-10T23:46:00.000Z",
        "sog": 4.5,
        "cog": 4.5
      }
    },
    {
      "type": "Feature",
      "geometry": {
        "type": "Point",
        "coordinates": [20.9579634400762, 37.768424338931]
      },
      "properties": {
        "timestamp": "2026-09-10T23:47:00.000Z",
        "sog": 4.5,
        "cog": 4.5
      }
    },
    {
      "type": "Feature",
      "geometry": {
        "type": "Point",
        "coordinates": [20.905555228061047, 37.77623221783805]
      },
      "properties": {
        "timestamp": "2026-09-10T23:48:00.000Z",
        "sog": 4.5,
        "cog": 4.5
      }
    },
    {
      "type": "Feature",
      "geometry": {
        "type": "Point",
        "coordinates": [20.91811419401, 37.80289568694606]
      },
      "properties": {
        "timestamp": "2026-09-10T23:49:00.000Z",
        "sog": 4.5,
        "cog": 4.5
      }
    },
    {
      "type": "Feature",
      "geometry": {
        "type": "Point",
        "coordinates": [20.8192857999583, 37.881475885845276]
      },
      "properties": {
        "timestamp": "2026-09-10T23:50:00.000Z",
        "sog": 4.5,
        "cog": 4.5
      }
    },
    {
      "type": "Feature",
      "geometry": {
        "type": "Point",
        "coordinates": [20.73291898706632, 37.88634455532733]
      },
      "properties": {
        "timestamp": "2026-09-10T23:51:00.000Z",
        "sog": 4.5,
        "cog": 4.5
      }
    },
    {
      "type": "Feature",
      "geometry": {
        "type": "Point",
        "coordinates": [20.726590454321194, 37.87961946309549]
      },
      "properties": {
        "timestamp": "2026-09-10T23:52:00.000Z",
        "sog": 4.5,
        "cog": 4.5
      }
    },
    {
      "type": "Feature",
      "geometry": {
        "type": "Point",
        "coordinates": [20.7277584513326, 37.889879019295904]
      },
      "properties": {
        "timestamp": "2026-09-10T23:53:00.000Z",
        "sog": 4.5,
        "cog": 4.5
      }
    },
    {
      "type": "Feature",
      "geometry": {
        "type": "Point",
        "coordinates": [20.708193321230166, 37.93011177417031]
      },
      "properties": {
        "timestamp": "2026-09-10T23:54:00.000Z",
        "sog": 4.5,
        "cog": 4.5
      }
    },
    {
      "type": "Feature",
      "geometry": {
        "type": "Point",
        "coordinates": [20.705326567324054, 37.92982278756309]
      },
      "properties": {
        "timestamp": "2026-09-10T23:55:00.000Z",
        "sog": 4.5,
        "cog": 4.5
      }
    },
    {
      "type": "Feature",
      "geometry": {
        "type": "Point",
        "coordinates": [20.706294576704508, 37.930123052012235]
      },
      "properties": {
        "timestamp": "2026-09-10T23:56:00.000Z",
        "sog": 4.5,
        "cog": 4.5
      }
    },
    {
      "type": "Feature",
      "geometry": {
        "type": "Point",
        "coordinates": [20.81015731363384, 38.07848909527759]
      },
      "properties": {
        "timestamp": "2026-09-10T23:57:00.000Z",
        "sog": 4.5,
        "cog": 4.5
      }
    },
    {
      "type": "Feature",
      "geometry": {
        "type": "Point",
        "coordinates": [20.79575093371402, 38.05370441386743]
      },
      "properties": {
        "timestamp": "2026-09-10T23:58:00.000Z",
        "sog": 4.5,
        "cog": 4.5
      }
    },
    {
      "type": "Feature",
      "geometry": {
        "type": "Point",
        "coordinates": [20.778143136034245, 38.047822070542985]
      },
      "properties": {
        "timestamp": "2026-09-10T23:59:00.000Z",
        "sog": 4.5,
        "cog": 4.5
      }
    },
    {
      "type": "Feature",
      "geometry": {
        "type": "Point",
        "coordinates": [20.778100058276866, 38.061061539703]
      },
      "properties": {
        "timestamp": "2026-09-10T23:59:01.000Z",
        "sog": 4.5,
        "cog": 4.5
      }
    },
    {
      "type": "Feature",
      "geometry": {
        "type": "Point",
        "coordinates": [20.74623906866456, 38.03677235964072]
      },
      "properties": {
        "timestamp": "2026-09-10T23:59:02.000Z",
        "sog": 4.5,
        "cog": 4.5
      }
    },
    {
      "type": "Feature",
      "geometry": {
        "type": "Point",
        "coordinates": [20.67232304927316, 38.00842726675209]
      },
      "properties": {
        "timestamp": "2026-09-10T23:59:03.000Z",
        "sog": 4.5,
        "cog": 4.5
      }
    },
    {
      "type": "Feature",
      "geometry": {
        "type": "Point",
        "coordinates": [20.598450354538837, 38.07522566712859]
      },
      "properties": {
        "timestamp": "2026-09-10T23:59:04.000Z",
        "sog": 4.5,
        "cog": 4.5
      }
    },
    {
      "type": "Feature",
      "geometry": {
        "type": "Point",
        "coordinates": [20.527313685535415, 38.03105935555359]
      },
      "properties": {
        "timestamp": "2026-09-10T23:59:05.000Z",
        "sog": 4.5,
        "cog": 4.5
      }
    },
    {
      "type": "Feature",
      "geometry": {
        "type": "Point",
        "coordinates": [20.468489132321036, 38.09891367549257]
      },
      "properties": {
        "timestamp": "2026-09-10T23:59:06.000Z",
        "sog": 4.5,
        "cog": 4.5
      }
    },
    {
      "type": "Feature",
      "geometry": {
        "type": "Point",
        "coordinates": [20.435656823550225, 38.1494941562303]
      },
      "properties": {
        "timestamp": "2026-09-10T23:59:07.000Z",
        "sog": 4.5,
        "cog": 4.5
      }
    },
    {
      "type": "Feature",
      "geometry": {
        "type": "Point",
        "coordinates": [20.473673917514986, 38.16662544852519]
      },
      "properties": {
        "timestamp": "2026-09-10T23:59:08.000Z",
        "sog": 4.5,
        "cog": 4.5
      }
    },
    {
      "type": "Feature",
      "geometry": {
        "type": "Point",
        "coordinates": [20.44837391084323, 38.183436390070824]
      },
      "properties": {
        "timestamp": "2026-09-10T23:59:09.000Z",
        "sog": 4.5,
        "cog": 4.5
      }
    },
    {
      "type": "Feature",
      "geometry": {
        "type": "Point",
        "coordinates": [20.46132510494392, 38.194799336065]
      },
      "properties": {
        "timestamp": "2026-09-10T23:59:10.000Z",
        "sog": 4.5,
        "cog": 4.5
      }
    },
    {
      "type": "Feature",
      "geometry": {
        "type": "Point",
        "coordinates": [20.47548106128653, 38.20213696321675]
      },
      "properties": {
        "timestamp": "2026-09-10T23:59:11.000Z",
        "sog": 4.5,
        "cog": 4.5
      }
    },
    {
      "type": "Feature",
      "geometry": {
        "type": "Point",
        "coordinates": [20.49144416099203, 38.18485685526037]
      },
      "properties": {
        "timestamp": "2026-09-10T23:59:12.000Z",
        "sog": 4.5,
        "cog": 4.5
      }
    },
    {
      "type": "Feature",
      "geometry": {
        "type": "Point",
        "coordinates": [20.493643788471623, 38.17676773228349]
      },
      "properties": {
        "timestamp": "2026-09-10T23:59:13.000Z",
        "sog": 4.5,
        "cog": 4.5
      }
    },
    {
      "type": "Feature",
      "geometry": {
        "type": "Point",
        "coordinates": [20.489733784422718, 38.19094695275359]
      },
      "properties": {
        "timestamp": "2026-09-10T23:59:14.000Z",
        "sog": 4.5,
        "cog": 4.5
      }
    },
    {
      "type": "Feature",
      "geometry": {
        "type": "Point",
        "coordinates": [20.472095745895057, 38.19877417582905]
      },
      "properties": {
        "timestamp": "2026-09-10T23:59:15.000Z",
        "sog": 4.5,
        "cog": 4.5
      }
    },
    {
      "type": "Feature",
      "geometry": {
        "type": "Point",
        "coordinates": [20.453075353940985, 38.19270678044535]
      },
      "properties": {
        "timestamp": "2026-09-10T23:59:16.000Z",
        "sog": 4.5,
        "cog": 4.5
      }
    },
    {
      "type": "Feature",
      "geometry": {
        "type": "Point",
        "coordinates": [20.466090398366653, 38.08714651755877]
      },
      "properties": {
        "timestamp": "2026-09-10T23:59:17.000Z",
        "sog": 4.5,
        "cog": 4.5
      }
    },
    {
      "type": "Feature",
      "geometry": {
        "type": "Point",
        "coordinates": [20.556675337977502, 38.05805155611439]
      },
      "properties": {
        "timestamp": "2026-09-10T23:59:18.000Z",
        "sog": 4.5,
        "cog": 4.5
      }
    },
    {
      "type": "Feature",
      "geometry": {
        "type": "Point",
        "coordinates": [20.581814492642064, 38.10006711940671]
      },
      "properties": {
        "timestamp": "2026-09-10T23:59:19.000Z",
        "sog": 4.5,
        "cog": 4.5
      }
    },
    {
      "type": "Feature",
      "geometry": {
        "type": "Point",
        "coordinates": [20.73993136284112, 37.967202537369076]
      },
      "properties": {
        "timestamp": "2026-09-10T23:59:20.000Z",
        "sog": 4.5,
        "cog": 4.5
      }
    },
    {
      "type": "Feature",
      "geometry": {
        "type": "Point",
        "coordinates": [20.72228622797886, 37.88531585032507]
      },
      "properties": {
        "timestamp": "2026-09-10T23:59:21.000Z",
        "sog": 4.5,
        "cog": 4.5
      }
    },
    {
      "type": "Feature",
      "geometry": {
        "type": "Point",
        "coordinates": [20.72322689116674, 37.887938986978405]
      },
      "properties": {
        "timestamp": "2026-09-10T23:59:22.000Z",
        "sog": 4.5,
        "cog": 4.5
      }
    },
    {
      "type": "Feature",
      "geometry": {
        "type": "Point",
        "coordinates": [20.729309846486586, 37.88729558474172]
      },
      "properties": {
        "timestamp": "2026-09-10T23:59:23.000Z",
        "sog": 4.5,
        "cog": 4.5
      }
    },
    {
      "type": "Feature",
      "geometry": {
        "type": "Point",
        "coordinates": [20.91319712248453, 37.81799251909524]
      },
      "properties": {
        "timestamp": "2026-09-10T23:59:24.000Z",
        "sog": 4.5,
        "cog": 4.5
      }
    },
    {
      "type": "Feature",
      "geometry": {
        "type": "Point",
        "coordinates": [20.92086465735207, 37.80105794923708]
      },
      "properties": {
        "timestamp": "2026-09-10T23:59:25.000Z",
        "sog": 4.5,
        "cog": 4.5
      }
    },
    {
      "type": "Feature",
      "geometry": {
        "type": "Point",
        "coordinates": [20.906412587602453, 37.778290900837376]
      },
      "properties": {
        "timestamp": "2026-09-10T23:59:26.000Z",
        "sog": 4.5,
        "cog": 4.5
      }
    },
    {
      "type": "Feature",
      "geometry": {
        "type": "Point",
        "coordinates": [20.904583421042066, 37.781953918949704]
      },
      "properties": {
        "timestamp": "2026-09-10T23:59:27.000Z",
        "sog": 4.5,
        "cog": 4.5
      }
    },
    {
      "type": "Feature",
      "geometry": {
        "type": "Point",
        "coordinates": [20.90149227349629, 37.7825831950337]
      },
      "properties": {
        "timestamp": "2026-09-10T23:59:28.000Z",
        "sog": 4.5,
        "cog": 4.5
      }
    },
    {
      "type": "Feature",
      "geometry": {
        "type": "Point",
        "coordinates": [20.900413430326495, 37.783916390908495]
      },
      "properties": {
        "timestamp": "2026-09-10T23:59:29.000Z",
        "sog": 4.5,
        "cog": 4.5
      }
    },
    {
      "type": "Feature",
      "geometry": {
        "type": "Point",
        "coordinates": [20.90136609875798, 37.78502066472409]
      },
      "properties": {
        "timestamp": "2026-09-10T23:59:30.000Z",
        "sog": 4.5,
        "cog": 4.5
      }
    },
    {
      "type": "Feature",
      "geometry": {
        "type": "Point",
        "coordinates": [20.90380069582295, 37.78140661629527]
      },
      "properties": {
        "timestamp": "2026-09-10T23:59:31.000Z",
        "sog": 4.5,
        "cog": 4.5
      }
    },
    {
      "type": "Feature",
      "geometry": {
        "type": "Point",
        "coordinates": [20.906319974507063, 37.77504813918413]
      },
      "properties": {
        "timestamp": "2026-09-10T23:59:32.000Z",
        "sog": 4.5,
        "cog": 4.5
      }
    },
    {
      "type": "Feature",
      "geometry": {
        "type": "Point",
        "coordinates": [21.10162131070378, 37.97471985069895]
      },
      "properties": {
        "timestamp": "2026-09-10T23:59:33.000Z",
        "sog": 4.5,
        "cog": 4.5
      }
    },
    {
      "type": "Feature",
      "geometry": {
        "type": "Point",
        "coordinates": [21.341578234464194, 38.24545771783658]
      },
      "properties": {
        "timestamp": "2026-09-10T23:59:34.000Z",
        "sog": 4.5,
        "cog": 4.5
      }
    },
    {
      "type": "Feature",
      "geometry": {
        "type": "Point",
        "coordinates": [21.378534957946968, 38.23935899537941]
      },
      "properties": {
        "timestamp": "2026-09-10T23:59:35.000Z",
        "sog": 4.5,
        "cog": 4.5
      }
    },
    {
      "type": "Feature",
      "geometry": {
        "type": "Point",
        "coordinates": [21.405893713321046, 38.23508783189599]
      },
      "properties": {
        "timestamp": "2026-09-10T23:59:36.000Z",
        "sog": 4.5,
        "cog": 4.5
      }
    },
    {
      "type": "Feature",
      "geometry": {
        "type": "Point",
        "coordinates": [21.421288813646335, 38.19908930553823]
      },
      "properties": {
        "timestamp": "2026-09-10T23:59:37.000Z",
        "sog": 4.5,
        "cog": 4.5
      }
    },
    {
      "type": "Feature",
      "geometry": {
        "type": "Point",
        "coordinates": [21.54343722016637, 38.265247346406696]
      },
      "properties": {
        "timestamp": "2026-09-10T23:59:38.000Z",
        "sog": 4.5,
        "cog": 4.5
      }
    },
    {
      "type": "Feature",
      "geometry": {
        "type": "Point",
        "coordinates": [21.70330950543389, 38.21219245128051]
      },
      "properties": {
        "timestamp": "2026-09-10T23:59:39.000Z",
        "sog": 4.5,
        "cog": 4.5
      }
    },
    {
      "type": "Feature",
      "geometry": {
        "type": "Point",
        "coordinates": [21.697664026311518, 38.2219525757164]
      },
      "properties": {
        "timestamp": "2026-09-10T23:59:40.000Z",
        "sog": 4.5,
        "cog": 4.5
      }
    },
    {
      "type": "Feature",
      "geometry": {
        "type": "Point",
        "coordinates": [21.717090868389676, 38.27029955994874]
      },
      "properties": {
        "timestamp": "2026-09-10T23:59:41.000Z",
        "sog": 4.5,
        "cog": 4.5
      }
    },
    {
      "type": "Feature",
      "geometry": {
        "type": "Point",
        "coordinates": [21.737358163826343, 38.26632208051373]
      },
      "properties": {
        "timestamp": "2026-09-10T23:59:42.000Z",
        "sog": 4.5,
        "cog": 4.5
      }
    },
    {
      "type": "Feature",
      "geometry": {
        "type": "Point",
        "coordinates": [21.733203858715793, 38.2876528749242]
      },
      "properties": {
        "timestamp": "2026-09-10T23:59:43.000Z",
        "sog": 4.5,
        "cog": 4.5
      }
    },
    {
      "type": "Feature",
      "geometry": {
        "type": "Point",
        "coordinates": [21.76014935751221, 38.312086999283984]
      },
      "properties": {
        "timestamp": "2026-09-10T23:59:44.000Z",
        "sog": 4.5,
        "cog": 4.5
      }
    },
    {
      "type": "Feature",
      "geometry": {
        "type": "Point",
        "coordinates": [21.845201123384378, 38.354030935496816]
      },
      "properties": {
        "timestamp": "2026-09-10T23:59:45.000Z",
        "sog": 4.5,
        "cog": 4.5
      }
    },
    {
      "type": "Feature",
      "geometry": {
        "type": "Point",
        "coordinates": [21.926305348603613, 38.368100640412116]
      },
      "properties": {
        "timestamp": "2026-09-10T23:59:46.000Z",
        "sog": 4.5,
        "cog": 4.5
      }
    }
  ]
}
